ActivityIdentifier,ActivityStartDate,MonitoringLocationIdentifier,HydrologicCondition,HydrologicEvent,Measure,SampleAquifer
nwisco.01.97502301,1975-04-09,USGS-392447107091000,Not determined,Routine sample,6.7,Pennsylvanian System
nwisco.01.97502294,1975-04-25,USGS-392350107111400,Not determined,Routine sample,6.8,Valley-Fill Deposits
nwisco.01.97502332,1975-02-24,USGS-392826107160800,Not determined,Routine sample,6.8,Maroon Formation
nwisco.01.97701457,1977-01-03,USGS-09073400,Not determined,Routine sample,6.8,
nwisco.01.97502282,1975-04-12,USGS-392155107050800,Not determined,Routine sample,6.9,Permian-Pennsylvanian Systems
nwisco.01.97502287,1975-02-24,USGS-392233107050100,Not determined,Routine sample,7.0,Valley-Fill Deposits
nwisco.01.97502308,1975-04-24,USGS-392503107122400,Not determined,Routine sample,7.0,Maroon Formation
nwisco.01.99701964,1997-05-22,USGS-09073300,"Stable, high stage",Snowmelt,7.2,
nwisco.01.96701452,1967-06-08,USGS-09085000,Not determined,Routine sample,7.2,
nwisco.01.97601077,1976-08-24,USGS-09073400,Not determined,Routine sample,7.2,
nwisco.01.96100729,1961-01-14,USGS-09085000,Not determined,Routine sample,7.3,
nwisco.01.96601001,1966-05-05,USGS-09085000,Not determined,Routine sample,7.3,
nwisco.01.00403984,2004-09-07,USGS-09073300,"Stable, normal stage",Routine sample,7.3,
nwisco.01.96400623,1963-10-01,USGS-09085000,Not determined,Routine sample,7.3,
nwisco.01.99802438,1998-06-02,USGS-09073300,Rising stage,Snowmelt,7.4,
nwisco.01.96200489,1962-05-09,USGS-09085000,Not determined,Routine sample,7.4,
nwisco.01.97502304,1975-02-18,USGS-392453107131100,Not determined,Routine sample,7.4,
nwisco.01.97502302,1975-04-09,USGS-392449107091800,Not determined,Routine sample,7.4,"Alluvium, Flood Plain"
nwisco.01.99803787,1998-09-03,USGS-09073400,"Stable, low stage",Routine sample,7.4,
nwisco.01.96601018,1966-08-01,USGS-09085000,Not determined,Routine sample,7.4,
nwisco.01.96701435,1967-02-28,USGS-09085000,Not determined,Routine sample,7.4,
nwisco.01.99703785,1997-08-20,USGS-09073300,"Stable, normal stage",Routine sample,7.5,
nwisco.01.96400634,1964-04-16,USGS-09085000,Not determined,Routine sample,7.5,
nwisco.01.96100756,1961-08-27,USGS-09085000,Not determined,Routine sample,7.5,
nwisco.01.96100753,1961-08-08,USGS-09085000,Not determined,Routine sample,7.5,
nwisco.01.97001513,1970-03-01,USGS-09085000,Not determined,Routine sample,7.5,
nwisco.01.97001529,1970-08-26,USGS-09085000,Not determined,Routine sample,7.5,
nwisco.01.00202578,2002-04-24,USGS-09073300,Rising stage,Snowmelt,7.5,
nwisco.01.00301061,2003-02-05,USGS-09073300,"Stable, low stage",Under ice cover,7.5,
nwisco.01.96300468,1963-08-01,USGS-09085000,Not determined,Routine sample,7.5,
nwisco.01.96300464,1963-07-01,USGS-09085000,Not determined,Routine sample,7.5,
nwisco.01.96701457,1967-07-01,USGS-09085000,Not determined,Routine sample,7.5,
nwisco.01.96500876,1965-04-01,USGS-09085000,Not determined,Routine sample,7.5,
nwisco.01.96500872,1965-02-01,USGS-09085000,Not determined,Routine sample,7.5,
nwisco.01.96000825,1960-07-08,USGS-09085000,Not determined,Routine sample,7.5,
nwisco.01.00600387,2005-12-21,USGS-09073300,"Stable, normal stage",Routine sample,7.5,
nwisco.01.96200496,1962-07-15,USGS-09085000,Not determined,Routine sample,7.5,
nwisco.01.96701444,1967-05-10,USGS-09085000,Not determined,Routine sample,7.5,
nwisco.01.96500887,1965-07-01,USGS-09085000,Not determined,Routine sample,7.5,
nwisco.01.96701451,1967-06-04,USGS-09085000,Not determined,Routine sample,7.5,
nwisco.01.95900266,1959-06-12,USGS-09085000,Not determined,Routine sample,7.5,
nwisco.01.98002395,1980-05-30,USGS-09085000,Not determined,Routine sample,7.5,
nwisco.01.98002392,1980-05-08,USGS-09085000,Not determined,Routine sample,7.6,
nwisco.01.96701426,1966-12-01,USGS-09085000,Not determined,Routine sample,7.6,
nwisco.01.96701449,1967-05-28,USGS-09085000,Not determined,Routine sample,7.6,
nwisco.01.97102038,1971-05-20,USGS-09085000,Not determined,Routine sample,7.6,
nwisco.01.96500885,1965-06-16,USGS-09085000,Not determined,Routine sample,7.6,
nwisco.01.96300473,1963-09-20,USGS-09085000,Not determined,Routine sample,7.6,
nwisco.01.96300470,1963-09-01,USGS-09085000,Not determined,Routine sample,7.6,
nwisco.01.00002141,2000-05-05,USGS-09073300,Rising stage,Snowmelt,7.6,
nwisco.01.96200488,1962-05-09,USGS-09085000,Not determined,Routine sample,7.6,
nwisco.01.96200485,1962-02-16,USGS-09085000,Not determined,Routine sample,7.6,
nwisco.01.96600986,1965-11-29,USGS-09085000,Not determined,Routine sample,7.6,
nwisco.01.96100751,1961-07-25,USGS-09085000,Not determined,Routine sample,7.6,
nwisco.01.98102600,1980-12-04,USGS-09085000,Not determined,Routine sample,7.6,
nwisco.01.97603433,1976-08-24,USGS-391531106525200,Not determined,Routine sample,7.6,
nwisco.01.00000846,1999-12-08,USGS-09073300,"Stable, normal stage",Under ice cover,7.6,
nwisco.01.00401631,2004-04-19,USGS-09073300,"Stable, normal stage",Routine sample,7.6,
nwisco.01.01306532,2013-09-07,USGS-09073300,"Stable, normal stage",Routine sample,7.7,
nwisco.01.00203174,2002-05-28,USGS-09073300,Rising stage,Snowmelt,7.7,
nwisco.01.00002809,2000-06-05,USGS-09073300,Falling stage,Snowmelt,7.7,
nwisco.01.96600985,1965-11-01,USGS-09085000,Not determined,Routine sample,7.7,
nwisco.01.96600994,1966-03-01,USGS-09085000,Not determined,Routine sample,7.7,
nwisco.01.96600996,1966-03-27,USGS-09085000,Not determined,Routine sample,7.7,
nwisco.01.96601006,1966-05-21,USGS-09085000,Not determined,Routine sample,7.7,
nwisco.01.96601008,1966-06-01,USGS-09085000,Not determined,Routine sample,7.7,
nwisco.01.96100725,1960-10-14,USGS-09085000,Not determined,Routine sample,7.7,
nwisco.01.96000841,1960-09-29,USGS-09085000,Not determined,Routine sample,7.7,
nwisco.01.96000813,1960-05-11,USGS-09085000,Not determined,Routine sample,7.7,
nwisco.01.00500845,2005-01-24,USGS-09073300,"Stable, normal stage",Routine sample,7.7,
nwisco.01.95900270,1959-08-15,USGS-09085000,Not determined,Routine sample,7.7,
nwisco.01.96701428,1966-12-09,USGS-09085000,Not determined,Routine sample,7.7,
nwisco.01.96701465,1967-08-23,USGS-09085000,Not determined,Routine sample,7.7,
nwisco.01.99902996,1999-07-21,USGS-09073300,"Stable, normal stage",Routine sample,7.7,
nwisco.01.98002373,1980-01-17,USGS-09085000,Not determined,Routine sample,7.7,
nwisco.01.96500888,1965-07-14,USGS-09085000,Not determined,Routine sample,7.7,
nwisco.01.96701424,1966-11-29,USGS-09085000,Not determined,Routine sample,7.8,
nwisco.01.96701422,1966-11-01,USGS-09085000,Not determined,Routine sample,7.8,
nwisco.01.96701421,1966-10-01,USGS-09085000,Not determined,Routine sample,7.8,
nwisco.01.99700377,1996-11-12,USGS-09073300,"Stable, normal stage",Routine sample,7.8,
nwisco.01.96000809,1960-04-27,USGS-09085000,Not determined,Routine sample,7.8,
nwisco.01.96000820,1960-06-03,USGS-09085000,Not determined,Routine sample,7.8,
nwisco.01.99902190,1999-06-01,USGS-09073300,"Stable, normal stage",Snowmelt,7.8,
nwisco.01.99502236,1995-05-23,USGS-09085000,"Stable, high stage",Snowmelt,7.8,
nwisco.01.00400680,2003-12-11,USGS-09073300,"Stable, low stage",Routine sample,7.8,
nwisco.01.97808417,1978-08-03,USGS-392747107154201,Not applicable,Not applicable,7.8,Valley-Fill Deposits
nwisco.01.00001580,2000-03-09,USGS-09073300,"Stable, low stage",Routine sample,7.8,
nwisco.01.96400633,1964-04-01,USGS-09085000,Not determined,Routine sample,7.8,
nwisco.01.96400640,1964-06-01,USGS-09085000,Not determined,Routine sample,7.8,
nwisco.01.00200920,2001-10-10,USGS-09073300,"Stable, low stage",Routine sample,7.8,
nwisco.01.96601021,1966-09-01,USGS-09085000,Not determined,Routine sample,7.8,
nwisco.01.96601016,1966-07-13,USGS-09085000,Not determined,Routine sample,7.8,
nwisco.01.96601014,1966-07-05,USGS-09085000,Not determined,Routine sample,7.8,
nwisco.01.96601000,1966-05-01,USGS-09085000,Not determined,Routine sample,7.8,
nwisco.01.96600995,1966-03-24,USGS-09085000,Not determined,Routine sample,7.8,
nwisco.01.96600991,1966-02-01,USGS-09085000,Not determined,Routine sample,7.8,
nwisco.01.00502216,2005-06-28,USGS-09073300,"Stable, normal stage",Routine sample,7.8,
nwisco.01.00205224,2002-09-03,USGS-09073300,"Stable, low stage",Drought,7.8,
nwisco.01.96300449,1962-12-06,USGS-09085000,Not determined,Routine sample,7.8,
nwisco.01.96500868,1964-10-01,USGS-09085000,Not determined,Routine sample,7.8,
nwisco.01.96500870,1964-12-01,USGS-09085000,Not determined,Routine sample,7.8,
nwisco.01.96300471,1963-09-05,USGS-09085000,Not determined,Routine sample,7.8,
nwisco.01.96500878,1965-05-01,USGS-09085000,Not determined,Routine sample,7.8,
nwisco.01.98002404,1980-07-14,USGS-09085000,Not determined,Routine sample,7.8,
nwisco.01.98002403,1980-07-11,USGS-09085000,Not determined,Routine sample,7.8,
nwisco.01.96701458,1967-07-09,USGS-09085000,Not determined,Routine sample,7.8,
nwisco.01.98102626,1981-06-04,USGS-09085000,Not determined,Routine sample,7.9,
nwisco.01.98102621,1981-04-30,USGS-09085000,Not determined,Routine sample,7.9,
nwisco.01.98102604,1980-12-31,USGS-09085000,Not determined,Routine sample,7.9,
nwisco.01.98102602,1980-12-17,USGS-09085000,Not determined,Routine sample,7.9,
nwisco.01.98102598,1980-11-21,USGS-09085000,Not determined,Routine sample,7.9,
nwisco.01.96300442,1962-10-01,USGS-09085000,Not determined,Routine sample,7.9,
nwisco.01.96300444,1962-10-26,USGS-09085000,Not determined,Routine sample,7.9,
nwisco.01.96500879,1965-05-20,USGS-09085000,Not determined,Routine sample,7.9,
nwisco.01.96500891,1965-08-01,USGS-09085000,Not determined,Routine sample,7.9,
nwisco.01.96500892,1965-08-08,USGS-09085000,Not determined,Routine sample,7.9,
nwisco.01.96601012,1966-06-26,USGS-09085000,Not determined,Routine sample,7.9,
nwisco.01.98002401,1980-06-25,USGS-09085000,Not determined,Routine sample,7.9,
nwisco.01.00501400,2005-04-12,USGS-09073300,"Stable, normal stage",Routine sample,7.9,
nwisco.01.00501308,2005-03-23,USGS-09073300,"Stable, normal stage",Routine sample,7.9,
nwisco.01.97001522,1970-06-23,USGS-09085000,Not determined,Routine sample,7.9,
nwisco.01.97102045,1971-08-23,USGS-09085000,Not determined,Routine sample,7.9,
nwisco.01.00402939,2004-07-13,USGS-09081000,"Stable, normal stage",Routine sample,7.9,
nwisco.01.00004471,2000-08-21,USGS-09073300,"Stable, normal stage",Routine sample,7.9,
nwisco.01.97502314,1975-04-23,USGS-392555107042700,Not determined,Routine sample,7.9,Quaternary System
nwisco.01.00102150,2001-04-05,USGS-09073300,Rising stage,Snowmelt,7.9,
nwisco.01.97603430,1976-05-18,USGS-391531106525200,Not determined,Routine sample,7.9,
nwisco.01.00104384,2001-07-17,USGS-09073300,"Stable, normal stage",Routine sample,7.9,
nwisco.01.00802739,2008-07-28,USGS-09081000,"Stable, normal stage",Routine sample,7.9,
nwisco.01.00802315,2008-06-17,USGS-09081000,Rising stage,Routine sample,7.9,
nwisco.01.00001293,2000-02-17,USGS-09073300,"Stable, low stage",Routine sample,8.0,
nwisco.01.96000807,1960-04-21,USGS-09085000,Not determined,Routine sample,8.0,
nwisco.01.00304225,2003-09-03,USGS-09073300,"Stable, low stage",Routine sample,8.0,
nwisco.01.96400637,1964-05-14,USGS-09085000,Not determined,Routine sample,8.0,
nwisco.01.96400638,1964-05-17,USGS-09085000,Not determined,Routine sample,8.0,
nwisco.01.00003996,2000-07-25,USGS-09073300,"Stable, low stage",Routine sample,8.0,
nwisco.01.97201717,1971-11-29,USGS-09085000,Not determined,Routine sample,8.0,
nwisco.01.99801435,1998-03-13,USGS-09085000,"Stable, low stage",Routine sample,8.0,
nwisco.01.96100737,1961-05-22,USGS-09085000,Not determined,Routine sample,8.0,
nwisco.01.96100740,1961-06-04,USGS-09085000,Not determined,Routine sample,8.0,
nwisco.01.96701462,1967-08-01,USGS-09085000,Not determined,Routine sample,8.0,
nwisco.01.99900868,1999-01-21,USGS-09081000,"Stable, normal stage",Routine sample,8.0,
nwisco.01.00700626,2007-02-08,USGS-09085000,"Stable, normal stage",Routine sample,8.0,
nwisco.01.98102627,1981-06-12,USGS-09085000,Not determined,Routine sample,8.0,
nwisco.01.00100285,2000-11-07,USGS-09073300,"Stable, low stage",Routine sample,8.0,
nwisco.01.98102603,1980-12-24,USGS-09085000,Not determined,Routine sample,8.0,
nwisco.01.98102595,1980-10-28,USGS-09085000,Not determined,Routine sample,8.0,
nwisco.01.97603403,1976-08-24,USGS-391239106501900,Not determined,Routine sample,8.0,
nwisco.01.98002389,1980-04-25,USGS-09085000,Not determined,Routine sample,8.0,
nwisco.01.00802313,2008-06-16,USGS-09085000,Rising stage,Routine sample,8.0,
nwisco.01.01604565,2016-09-26,USGS-09081000,"Stable, normal stage",Routine sample,8.1,
nwisco.01.00703258,2007-09-19,USGS-09081000,"Stable, normal stage",Routine sample,8.1,
nwisco.01.99803067,1998-07-29,USGS-09085000,"Stable, normal stage",Routine sample,8.1,
nwisco.01.96400648,1964-08-01,USGS-09085000,Not determined,Routine sample,8.1,
nwisco.01.00304226,2003-09-04,USGS-09081000,"Stable, low stage",Routine sample,8.1,
nwisco.01.98002375,1980-01-28,USGS-09085000,Not determined,Routine sample,8.1,
nwisco.01.98002402,1980-07-03,USGS-09085000,Not determined,Routine sample,8.1,
nwisco.01.00503412,2005-09-08,USGS-09073300,"Stable, normal stage",Routine sample,8.1,
nwisco.01.00701558,2007-06-06,USGS-09085000,"Stable, high stage",Routine sample,8.1,
nwisco.01.98102607,1981-01-22,USGS-09085000,Not determined,Routine sample,8.1,
nwisco.01.98102618,1981-04-10,USGS-09085000,Not determined,Routine sample,8.1,
nwisco.01.98102631,1981-07-10,USGS-09085000,Not determined,Routine sample,8.1,
nwisco.01.98102640,1981-09-11,USGS-09085000,Not determined,Routine sample,8.1,
nwisco.01.96701434,1967-02-15,USGS-09085000,Not determined,Routine sample,8.1,
nwisco.01.01600548,2016-01-05,USGS-09081000,"Stable, normal stage",Routine sample,8.1,
nwisco.01.01402318,2014-07-16,USGS-09081000,"Stable, normal stage",Routine sample,8.1,
nwisco.01.01802005,2018-06-21,USGS-09081000,"Stable, normal stage",Routine sample,8.2,
nwisco.01.01202582,2012-06-18,USGS-09085000,"Stable, normal stage",Routine sample,8.2,
nwisco.01.01306529,2013-09-07,USGS-09073300,"Stable, normal stage",Routine sample,8.2,
nwisco.01.01104183,2011-08-16,USGS-09081000,"Stable, normal stage",Routine sample,8.2,
nwisco.01.99602283,1996-06-13,USGS-09085000,"Stable, normal stage",Routine sample,8.2,
nwisco.01.99902093,1999-05-27,USGS-09085000,"Stable, high stage",Snowmelt,8.2,
nwisco.01.98002409,1980-08-13,USGS-09085000,Not determined,Routine sample,8.2,
nwisco.01.98102592,1980-10-10,USGS-09085000,Not determined,Routine sample,8.2,
nwisco.01.98102605,1981-01-08,USGS-09085000,Not determined,Routine sample,8.2,
nwisco.01.98102614,1981-03-13,USGS-09085000,Not determined,Routine sample,8.2,
nwisco.01.00000941,1999-12-29,USGS-392110107011300,"Stable, normal stage",Under ice cover,8.2,
nwisco.01.98102624,1981-05-21,USGS-09085000,Not determined,Routine sample,8.2,
nwisco.01.98102628,1981-06-19,USGS-09085000,Not determined,Routine sample,8.2,
nwisco.01.98102632,1981-07-16,USGS-09085000,Not determined,Routine sample,8.2,
nwisco.01.96701461,1967-07-26,USGS-09085000,Not determined,Routine sample,8.2,
nwisco.01.99902191,1999-06-02,USGS-09081000,"Stable, high stage",Snowmelt,8.2,
nwisco.01.98102637,1981-08-21,USGS-09085000,Not determined,Routine sample,8.2,
nwisco.01.99600128,1995-10-19,USGS-09085000,"Stable, normal stage",Routine sample,8.2,
nwisco.01.96100743,1961-06-16,USGS-09085000,Not determined,Routine sample,8.2,
nwisco.01.97102034,1971-02-22,USGS-09085000,Not determined,Routine sample,8.2,
nwisco.01.00303469,2003-07-22,USGS-09081000,"Stable, low stage",Routine sample,8.2,
nwisco.01.00601099,2006-04-13,USGS-09085000,"Stable, normal stage",Routine sample,8.2,
nwisco.01.00101840,2001-03-09,USGS-392110107011300,"Stable, low stage",Spring breakup,8.2,
nwisco.01.97502292,1975-02-18,USGS-392337107052200,Not determined,Routine sample,8.2,
nwisco.01.96400650,1964-09-01,USGS-09085000,Not determined,Routine sample,8.2,
nwisco.01.96400646,1964-07-19,USGS-09085000,Not determined,Routine sample,8.2,
nwisco.01.00402292,2004-05-26,USGS-09085000,"Stable, normal stage",Snowmelt,8.2,
nwisco.01.97603465,1976-08-25,USGS-392032107001900,Not determined,Routine sample,8.2,
nwisco.01.96500873,1965-03-01,USGS-09085000,Not determined,Routine sample,8.2,
nwisco.01.96500896,1965-09-09,USGS-09085000,Not determined,Routine sample,8.2,
nwisco.01.01101939,2011-05-11,USGS-09085000,"Stable, normal stage",Routine sample,8.2,
nwisco.01.00801601,2008-04-23,USGS-09085000,Rising stage,Routine sample,8.2,
nwisco.01.00903373,2009-07-08,USGS-09081000,"Stable, normal stage",Routine sample,8.2,
nwisco.01.02000095,2019-10-24,USGS-09085000,"Stable, normal stage",Routine sample,8.3,
nwisco.01.01101938,2011-05-11,USGS-09081000,"Stable, normal stage",Routine sample,8.3,
nwisco.01.00702509,2007-08-07,USGS-09081000,"Stable, normal stage",Routine sample,8.3,
nwisco.01.01300128,2012-10-30,USGS-09081000,"Stable, normal stage",Routine sample,8.3,
nwisco.01.01503530,2015-08-11,USGS-09081000,"Stable, normal stage",Routine sample,8.3,
nwisco.01.01105781,2011-09-28,USGS-09081000,"Stable, normal stage",Routine sample,8.3,
nwisco.01.01301933,2013-05-16,USGS-09081000,"Stable, normal stage",Routine sample,8.3,
nwisco.01.01401806,2014-06-03,USGS-09085000,"Stable, normal stage",Routine sample,8.3,
nwisco.01.01401805,2014-06-03,USGS-09081000,"Stable, normal stage",Routine sample,8.3,
nwisco.01.01600187,2015-10-26,USGS-09081000,"Stable, normal stage",Routine sample,8.3,
nwisco.01.99700668,1996-12-19,USGS-09085000,"Stable, normal stage",Routine sample,8.3,
nwisco.01.98002374,1980-01-21,USGS-09085000,Not determined,Routine sample,8.3,
nwisco.01.98002387,1980-04-08,USGS-09085000,Not determined,Routine sample,8.3,
nwisco.01.98002417,1980-09-18,USGS-09085000,Not determined,Routine sample,8.3,
nwisco.01.00502217,2005-06-28,USGS-09081000,"Stable, normal stage",Routine sample,8.3,
nwisco.01.98102642,1981-09-21,USGS-09085000,Not determined,Routine sample,8.3,
nwisco.01.98102636,1981-08-12,USGS-09085000,Not determined,Routine sample,8.3,
nwisco.01.98102613,1981-03-06,USGS-09085000,Not determined,Routine sample,8.3,
nwisco.01.98102610,1981-02-13,USGS-09085000,Not determined,Routine sample,8.3,
nwisco.01.98102608,1981-01-29,USGS-09085000,Not determined,Routine sample,8.3,
nwisco.01.98102601,1980-12-11,USGS-09085000,Not determined,Routine sample,8.3,
nwisco.01.98102597,1980-11-14,USGS-09085000,Not determined,Routine sample,8.3,
nwisco.01.98102594,1980-10-23,USGS-09085000,Not determined,Routine sample,8.3,
nwisco.01.99603334,1996-08-20,USGS-09085000,"Stable, normal stage",Routine sample,8.3,
nwisco.01.96601005,1966-05-12,USGS-09085000,Not determined,Routine sample,8.3,
nwisco.01.99803763,1998-09-02,USGS-09081000,"Stable, low stage",Routine sample,8.3,
nwisco.01.00100707,2000-12-20,USGS-392110107011300,"Stable, low stage",Under ice cover,8.3,
nwisco.01.00102660,2001-05-03,USGS-392110107011300,Rising stage,Snowmelt,8.3,
nwisco.01.00103299,2001-05-29,USGS-09081000,Peak stage,Snowmelt,8.3,
nwisco.01.01701183,2017-03-20,USGS-09085000,"Stable, normal stage",Routine sample,8.4,
nwisco.01.01903182,2019-09-25,USGS-09081000,"Stable, normal stage",Routine sample,8.4,
nwisco.01.00905597,2009-09-29,USGS-09085000,"Stable, normal stage",Routine sample,8.4,
nwisco.01.01001658,2010-04-13,USGS-09081000,"Stable, normal stage",Routine sample,8.4,
nwisco.01.00800052,2007-10-10,USGS-09081000,"Stable, normal stage",Routine sample,8.4,
nwisco.01.01000150,2009-10-14,USGS-09085000,"Stable, normal stage",Routine sample,8.4,
nwisco.01.01004470,2010-08-04,USGS-09081000,"Stable, normal stage",Routine sample,8.4,
nwisco.01.01000920,2009-12-17,USGS-09073400,"Stable, normal stage",Routine sample,8.4,
nwisco.01.99402685,1994-08-26,USGS-09085000,"Stable, low stage",Drought,8.4,
nwisco.01.00400287,2003-10-22,USGS-09081000,"Stable, low stage",Routine sample,8.4,
nwisco.01.00600392,2005-12-19,USGS-09085000,"Stable, normal stage",Routine sample,8.4,
nwisco.01.97502303,1975-02-18,USGS-392449107111400,Not determined,Routine sample,8.4,
nwisco.01.97603464,1976-05-18,USGS-392032107001900,Not determined,Routine sample,8.4,
nwisco.01.00200923,2001-10-10,USGS-09081000,"Stable, low stage",Routine sample,8.4,
nwisco.01.99900297,1998-10-21,USGS-09081000,"Stable, normal stage",Routine sample,8.4,
nwisco.01.99701138,1997-03-07,USGS-09085000,"Stable, normal stage",Routine sample,8.4,
nwisco.01.00100705,2000-12-19,USGS-392110107011300,"Stable, low stage",Under ice cover,8.4,
nwisco.01.98002379,1980-02-21,USGS-09085000,Not determined,Routine sample,8.4,
nwisco.01.00100739,2001-01-02,USGS-392110107011300,"Stable, low stage",Under ice cover,8.4,
nwisco.01.98002380,1980-02-29,USGS-09085000,Not determined,Routine sample,8.4,
nwisco.01.96701438,1967-03-18,USGS-09085000,Not determined,Routine sample,8.4,
nwisco.01.00203175,2002-05-28,USGS-09081000,Rising stage,Snowmelt,8.4,
nwisco.01.99700361,1996-11-08,USGS-09085000,"Stable, normal stage",Routine sample,8.4,
nwisco.01.00602101,2006-07-13,USGS-09085000,"Stable, normal stage",Routine sample,8.4,
nwisco.01.00502220,2005-06-29,USGS-09085000,"Stable, normal stage",Routine sample,8.4,
nwisco.01.01203700,2012-07-24,USGS-09081000,"Stable, normal stage",Routine sample,8.4,
nwisco.01.01400741,2014-02-13,USGS-09081000,"Stable, normal stage",Routine sample,8.4,
nwisco.01.01300607,2013-01-15,USGS-09081000,"Stable, normal stage",Routine sample,8.4,
nwisco.01.01503531,2015-08-11,USGS-09085000,"Stable, normal stage",Routine sample,8.5,
nwisco.01.01400233,2013-11-13,USGS-09081000,"Stable, normal stage",Routine sample,8.5,
nwisco.01.01300129,2012-10-30,USGS-09085000,"Stable, normal stage",Routine sample,8.5,
nwisco.01.01500937,2015-03-25,USGS-09081000,"Stable, normal stage",Routine sample,8.5,
nwisco.01.01803517,2018-09-13,USGS-09085000,"Stable, normal stage",Routine sample,8.5,
nwisco.01.01702721,2017-07-13,USGS-09085000,"Stable, high stage",Routine sample,8.5,
nwisco.01.02000481,2019-12-19,USGS-09085000,"Stable, normal stage",Routine sample,8.5,
nwisco.01.01800148,2017-11-06,USGS-09081000,"Stable, normal stage",Routine sample,8.5,
nwisco.01.01701828,2017-05-24,USGS-09081000,"Stable, normal stage",Routine sample,8.5,
nwisco.01.99901531,1999-04-19,USGS-09085000,"Stable, normal stage",Routine sample,8.5,
nwisco.01.00000796,1999-12-03,USGS-09081000,"Stable, normal stage",Routine sample,8.5,
nwisco.01.00205228,2002-09-05,USGS-09085000,"Stable, low stage",Drought,8.5,
nwisco.01.98102630,1981-07-01,USGS-09085000,Not determined,Routine sample,8.5,
nwisco.01.99400211,1993-11-02,USGS-09085000,"Stable, normal stage",Routine sample,8.5,
nwisco.01.98102617,1981-04-01,USGS-09085000,Not determined,Routine sample,8.5,
nwisco.01.99803736,1998-09-02,USGS-392847107171100,"Stable, low stage",Routine sample,8.5,
nwisco.01.00300087,2002-10-08,USGS-09081000,"Stable, low stage",Routine sample,8.5,
nwisco.01.00100997,2001-01-24,USGS-392110107011300,"Stable, low stage",Under ice cover,8.5,
nwisco.01.00100753,2001-01-03,USGS-392110107011300,"Stable, low stage",Under ice cover,8.5,
nwisco.01.00501396,2005-04-11,USGS-09085000,"Stable, normal stage",Routine sample,8.5,
nwisco.01.00602103,2006-07-13,USGS-09081000,"Stable, normal stage",Routine sample,8.5,
nwisco.01.01000919,2009-12-16,USGS-09085000,"Stable, normal stage",Routine sample,8.5,
nwisco.01.00900829,2009-01-07,USGS-09081000,"Stable, normal stage",Routine sample,8.5,
nwisco.01.01004471,2010-08-04,USGS-09085000,"Stable, normal stage",Routine sample,8.5,
nwisco.01.01000151,2009-10-15,USGS-09081000,"Stable, normal stage",Routine sample,8.5,
nwisco.01.00702507,2007-08-06,USGS-09085000,"Stable, normal stage",Routine sample,8.6,
nwisco.01.00703260,2007-09-19,USGS-09085000,"Stable, normal stage",Routine sample,8.6,
nwisco.01.00901177,2009-03-10,USGS-09081000,"Stable, normal stage",Routine sample,8.6,
nwisco.01.01400234,2013-11-13,USGS-09085000,"Stable, normal stage",Routine sample,8.6,
nwisco.01.01403507,2014-09-03,USGS-09085000,"Stable, normal stage",Routine sample,8.6,
nwisco.01.00102019,2001-03-27,USGS-392110107011300,"Stable, normal stage",Snowmelt,8.6,
nwisco.01.00203178,2002-05-29,USGS-09085000,Rising stage,Snowmelt,8.6,
nwisco.01.97902770,1978-11-29,USGS-09085000,Not determined,Routine sample,8.6,
nwisco.01.00400681,2003-12-12,USGS-09085000,"Stable, normal stage",Routine sample,8.6,
nwisco.01.00100603,2000-12-05,USGS-392110107011300,"Stable, low stage",Under ice cover,8.6,
nwisco.01.00303472,2003-07-24,USGS-09085000,"Stable, low stage",Routine sample,8.6,
nwisco.01.00100202,2000-11-01,USGS-392110107011300,"Stable, normal stage",Routine sample,8.6,
nwisco.01.00001223,2000-01-26,USGS-392110107011300,"Stable, normal stage",Routine sample,8.6,
nwisco.01.01803516,2018-09-13,USGS-09081000,"Stable, normal stage",Routine sample,8.6,
nwisco.01.01901164,2019-03-20,USGS-09081000,"Stable, normal stage",Routine sample,8.6,
nwisco.01.01701018,2017-02-13,USGS-09081000,"Stable, normal stage",Routine sample,8.6,
nwisco.01.01801150,2018-03-19,USGS-09081000,"Stable, normal stage",Routine sample,8.6,
nwisco.01.01801216,2018-04-09,USGS-09081000,"Stable, normal stage",Routine sample,8.6,
nwisco.01.01700461,2016-11-28,USGS-09081000,"Stable, normal stage",Routine sample,8.6,
nwisco.01.00001071,2000-01-14,USGS-09085000,"Stable, low stage",Routine sample,8.7,
nwisco.01.00001072,2000-01-12,USGS-09081000,"Stable, normal stage",Routine sample,8.7,
nwisco.01.00000794,1999-12-02,USGS-09085000,"Stable, normal stage",Routine sample,8.7,
nwisco.01.00201668,2002-03-06,USGS-09081000,"Stable, low stage",Routine sample,8.7,
nwisco.01.00004000,2000-07-26,USGS-09085000,"Stable, low stage",Routine sample,8.7,
nwisco.01.00900335,2008-11-18,USGS-09081000,"Stable, normal stage",Routine sample,8.7,
nwisco.01.00900830,2009-01-07,USGS-09085000,"Stable, normal stage",Routine sample,8.7,
nwisco.01.01200698,2011-12-09,USGS-09085000,"Stable, normal stage",Routine sample,8.7,
nwisco.01.01303570,2013-08-08,USGS-09085000,"Stable, normal stage",Routine sample,8.7,
nwisco.01.01603164,2016-07-26,USGS-09085000,"Stable, normal stage",Routine sample,8.7,
nwisco.01.01500938,2015-03-25,USGS-09085000,"Stable, normal stage",Routine sample,8.7,
nwisco.01.01205157,2012-09-27,USGS-09085000,"Stable, normal stage",Routine sample,8.7,
nwisco.01.01201223,2012-02-14,USGS-09085000,"Stable, normal stage",Routine sample,8.8,
nwisco.01.00801019,2008-02-26,USGS-09085000,"Stable, normal stage",Routine sample,8.8,
nwisco.01.00800741,2008-01-28,USGS-09085000,"Stable, normal stage",Routine sample,8.8,
nwisco.01.00901178,2009-03-10,USGS-09085000,"Stable, normal stage",Routine sample,8.8,
nwisco.01.00500853,2005-01-27,USGS-09085000,"Stable, normal stage",Routine sample,8.8,
nwisco.01.99801039,1998-01-29,USGS-09081000,"Stable, normal stage",Routine sample,8.8,
nwisco.01.99500201,1994-10-26,USGS-09085000,"Stable, normal stage",Routine sample,8.8,
nwisco.01.01701827,2017-05-24,USGS-09085000,"Stable, normal stage",Routine sample,8.8,
nwisco.01.00102117,2001-04-04,USGS-09081000,Rising stage,Snowmelt,8.9,
nwisco.01.00101250,2001-02-09,USGS-09085000,"Stable, low stage",Routine sample,8.9,
nwisco.01.00500540,2004-11-23,USGS-09085000,"Stable, normal stage",Routine sample,8.9,
nwisco.01.00501312,2005-03-25,USGS-09085000,"Stable, normal stage",Routine sample,8.9,
nwisco.01.00501309,2005-03-24,USGS-09081000,"Stable, normal stage",Routine sample,8.9,
nwisco.01.01700460,2016-11-28,USGS-09085000,"Stable, normal stage",Routine sample,8.9,
nwisco.01.02000892,2020-02-25,USGS-09081000,"Stable, normal stage",Routine sample,8.9,
nwisco.01.00600715,2006-02-16,USGS-09085000,"Stable, normal stage",Routine sample,9.0,
nwisco.01.00801021,2008-02-27,USGS-09081000,"Stable, normal stage",Routine sample,9.0,
nwisco.01.01001258,2010-02-17,USGS-09081000,"Stable, normal stage",Routine sample,9.0,
nwisco.01.00700271,2006-11-07,USGS-09085000,"Stable, normal stage",Routine sample,9.1,
nwisco.01.99801434,1998-03-12,USGS-392847107171100,"Stable, low stage",Routine sample,9.2,
nwisco.01.99806591,1998-03-30,USGS-392535107224600,"Stable, normal stage",Routine sample,5.0,
nwisco.01.99306915,1993-03-18,USGS-392535107224600,Not applicable,Not applicable,5.1,
nwisco.01.00506124,2005-03-25,USGS-392535107224600,Not applicable,Not applicable,5.2,
nwisco.01.00007490,2000-03-28,USGS-391050106550000,Not applicable,Not applicable,5.2,
nwisco.01.00306641,2003-03-25,USGS-392535107224600,Not applicable,Not applicable,5.2,
nwisco.01.99510916,1995-03-29,USGS-392535107224600,Not applicable,Not applicable,5.2,
nwisco.01.00405974,2004-04-02,USGS-392535107224600,Not applicable,Not applicable,5.3,
nwisco.01.99708939,1997-04-01,USGS-392535107224600,Not applicable,Not applicable,5.3,
nwisco.01.01205387,2012-03-19,USGS-392535107224600,Not applicable,Not applicable,5.4,
nwisco.01.01007017,2010-03-22,USGS-392535107224600,Not applicable,Not applicable,5.4,
nwisco.01.99607625,1996-04-02,USGS-392535107224600,Not applicable,Not applicable,5.5,
nwisco.01.01306678,2013-03-18,USGS-392535107224600,Not applicable,Not applicable,5.5,
nwisco.01.00805030,2008-04-04,USGS-392535107224600,Not applicable,Not applicable,5.6,
nwisco.01.00704966,2007-03-29,USGS-392535107224600,Not applicable,Not applicable,5.7,
nwisco.01.01404000,2014-03-17,USGS-392535107224600,Not determined,Routine sample,5.9,
nwisco.01.99907647,1999-04-06,USGS-392535107224600,Not applicable,Not applicable,6.5,
nwisco.01.99700377,1996-11-12,USGS-09073300,"Stable, normal stage",Routine sample,7.1,
nwisco.01.99703785,1997-08-20,USGS-09073300,"Stable, normal stage",Routine sample,7.4,
nwisco.01.98201929,1982-07-08,USGS-09085000,Not determined,Routine sample,7.5,
nwisco.01.00200920,2001-10-10,USGS-09073300,"Stable, low stage",Routine sample,7.5,
nwisco.01.98403295,1984-04-27,USGS-09085000,"Stable, normal stage",Routine sample,7.6,
nwisco.01.99701964,1997-05-22,USGS-09073300,"Stable, high stage",Snowmelt,7.6,
nwisco.01.00002141,2000-05-05,USGS-09073300,Rising stage,Snowmelt,7.6,
nwisco.01.98403297,1984-05-10,USGS-09085000,Rising stage,Snowmelt,7.7,
nwisco.01.99803787,1998-09-03,USGS-09073400,"Stable, low stage",Routine sample,7.7,
nwisco.01.98403317,1984-08-29,USGS-09085000,"Stable, normal stage",Routine sample,7.7,
nwisco.01.98403298,1984-05-17,USGS-09085000,Rising stage,Snowmelt,7.7,
nwisco.01.00000846,1999-12-08,USGS-09073300,"Stable, normal stage",Under ice cover,7.7,
nwisco.01.99902093,1999-05-27,USGS-09085000,"Stable, high stage",Snowmelt,7.7,
nwisco.01.98403307,1984-07-03,USGS-09085000,Falling stage,Routine sample,7.7,
nwisco.01.98301705,1983-06-01,USGS-09085000,Not determined,Routine sample,7.7,
nwisco.01.99802438,1998-06-02,USGS-09073300,Rising stage,Snowmelt,7.7,
nwisco.01.98403308,1984-07-11,USGS-09085000,Falling stage,Routine sample,7.7,
nwisco.01.99902190,1999-06-01,USGS-09073300,"Stable, normal stage",Snowmelt,7.8,
nwisco.01.98403292,1984-04-09,USGS-09085000,Rising stage,Routine sample,7.8,
nwisco.01.98403296,1984-05-01,USGS-09085000,"Stable, normal stage",Routine sample,7.8,
nwisco.01.98403311,1984-07-27,USGS-09085000,Falling stage,Routine sample,7.8,
nwisco.01.98403313,1984-08-10,USGS-09085000,Falling stage,Routine sample,7.8,
nwisco.01.98403314,1984-08-17,USGS-09085000,Falling stage,Routine sample,7.8,
nwisco.01.98403315,1984-08-23,USGS-09085000,Falling stage,Routine sample,7.8,
nwisco.01.98301708,1983-06-23,USGS-09085000,Not determined,Routine sample,7.8,
nwisco.01.98301709,1983-07-01,USGS-09085000,Not determined,Routine sample,7.8,
nwisco.01.98301712,1983-07-20,USGS-09085000,Not determined,Routine sample,7.8,
nwisco.01.98301714,1983-08-04,USGS-09085000,Not determined,Routine sample,7.8,
nwisco.01.00302333,2003-05-28,USGS-09085000,Rising stage,Snowmelt,7.8,
nwisco.01.98403278,1984-01-12,USGS-09085000,Not determined,Routine sample,7.9,
nwisco.01.98403280,1984-01-27,USGS-09085000,Not determined,Routine sample,7.9,
nwisco.01.00304225,2003-09-03,USGS-09073300,"Stable, low stage",Routine sample,7.9,
nwisco.01.99801435,1998-03-13,USGS-09085000,"Stable, low stage",Routine sample,7.9,
nwisco.01.98301701,1983-05-05,USGS-09085000,Not determined,Routine sample,7.9,
nwisco.01.00102150,2001-04-05,USGS-09073300,Rising stage,Snowmelt,7.9,
nwisco.01.99700361,1996-11-08,USGS-09085000,"Stable, normal stage",Routine sample,7.9,
nwisco.01.00002809,2000-06-05,USGS-09073300,Falling stage,Snowmelt,7.9,
nwisco.01.00103299,2001-05-29,USGS-09081000,Peak stage,Snowmelt,7.9,
nwisco.01.98201941,1982-09-30,USGS-09085000,Not determined,Routine sample,8.0,
nwisco.01.98201937,1982-09-03,USGS-09085000,Not determined,Routine sample,8.1,
nwisco.01.99902191,1999-06-02,USGS-09081000,"Stable, high stage",Snowmelt,8.0,
nwisco.01.00203174,2002-05-28,USGS-09073300,Rising stage,Snowmelt,8.0,
nwisco.01.98301684,1983-01-06,USGS-09085000,Not determined,Routine sample,8.0,
nwisco.01.98301685,1983-01-13,USGS-09085000,Not determined,Routine sample,8.0,
nwisco.01.98301703,1983-05-19,USGS-09085000,Not determined,Routine sample,8.0,
nwisco.01.98301704,1983-05-26,USGS-09085000,Not determined,Routine sample,8.0,
nwisco.01.98301711,1983-07-15,USGS-09085000,Not determined,Routine sample,8.0,
nwisco.01.00202578,2002-04-24,USGS-09073300,Rising stage,Snowmelt,8.0,
nwisco.01.00100285,2000-11-07,USGS-09073300,"Stable, low stage",Routine sample,8.0,
nwisco.01.98403282,1984-02-03,USGS-09085000,Not determined,Routine sample,8.0,
nwisco.01.98403289,1984-03-22,USGS-09085000,"Stable, low stage",Routine sample,8.0,
nwisco.01.00001082,2000-01-13,USGS-392110107011300,"Stable, normal stage",Under ice cover,8.0,
nwisco.01.98403319,1984-09-14,USGS-09085000,"Stable, normal stage",Routine sample,8.0,
nwisco.01.98403284,1984-02-16,USGS-09085000,"Stable, normal stage",Routine sample,8.0,
nwisco.01.98403266,1983-11-04,USGS-09085000,Not determined,Routine sample,8.0,
nwisco.01.00004471,2000-08-21,USGS-09073300,"Stable, normal stage",Routine sample,8.0,
nwisco.01.00001580,2000-03-09,USGS-09073300,"Stable, low stage",Routine sample,8.1,
nwisco.01.98403288,1984-03-15,USGS-09085000,"Stable, low stage",Routine sample,8.1,
nwisco.01.00001293,2000-02-17,USGS-09073300,"Stable, low stage",Routine sample,8.1,
nwisco.01.98403286,1984-03-01,USGS-09085000,"Stable, low stage",Routine sample,8.1,
nwisco.01.99701138,1997-03-07,USGS-09085000,"Stable, normal stage",Routine sample,8.1,
nwisco.01.98403263,1983-10-13,USGS-09085000,Not determined,Routine sample,8.1,
nwisco.01.00304226,2003-09-04,USGS-09081000,"Stable, low stage",Routine sample,8.1,
nwisco.01.98201925,1982-06-10,USGS-09085000,Not determined,Routine sample,8.1,
nwisco.01.99901531,1999-04-19,USGS-09085000,"Stable, normal stage",Routine sample,8.1,
nwisco.01.99603334,1996-08-20,USGS-09085000,"Stable, normal stage",Routine sample,8.1,
nwisco.01.00001083,2000-01-13,USGS-392110107011300,"Stable, normal stage",Under ice cover,8.1,
nwisco.01.98403270,1983-11-22,USGS-09085000,Not determined,Routine sample,8.1,
nwisco.01.98403271,1983-12-02,USGS-09085000,Not determined,Routine sample,8.1,
nwisco.01.98301697,1983-04-07,USGS-09085000,"Stable, normal stage",Routine sample,8.1,
nwisco.01.98301677,1982-11-18,USGS-09085000,Not determined,Routine sample,8.1,
nwisco.01.99803763,1998-09-02,USGS-09081000,"Stable, low stage",Routine sample,8.1,
nwisco.01.98201927,1982-06-23,USGS-09085000,Not determined,Routine sample,8.2,
nwisco.01.98403269,1983-11-14,USGS-09085000,Not determined,Routine sample,8.2,
nwisco.01.00200923,2001-10-10,USGS-09081000,"Stable, low stage",Routine sample,8.2,
nwisco.01.98201919,1982-05-07,USGS-09085000,Not determined,Routine sample,8.2,
nwisco.01.98201924,1982-06-04,USGS-09085000,Not determined,Routine sample,8.2,
nwisco.01.99900297,1998-10-21,USGS-09081000,"Stable, normal stage",Routine sample,8.2,
nwisco.01.98301718,1983-09-02,USGS-09085000,Not determined,Routine sample,8.2,
nwisco.01.00001223,2000-01-26,USGS-392110107011300,"Stable, normal stage",Routine sample,8.2,
nwisco.01.98301694,1983-03-17,USGS-09085000,Not determined,Routine sample,8.2,
nwisco.01.98201911,1982-03-11,USGS-09085000,Not determined,Routine sample,8.2,
nwisco.01.00300087,2002-10-08,USGS-09081000,"Stable, low stage",Routine sample,8.2,
nwisco.01.98201928,1982-07-02,USGS-09085000,Not determined,Routine sample,8.3,
nwisco.01.98403287,1984-03-08,USGS-09085000,"Stable, low stage",Routine sample,8.3,
nwisco.01.98301722,1983-09-28,USGS-09085000,Not determined,Routine sample,8.3,
nwisco.01.98301672,1982-10-14,USGS-09085000,Not determined,Routine sample,8.3,
nwisco.01.98301681,1982-12-16,USGS-09085000,Not determined,Routine sample,8.3,
nwisco.01.00000941,1999-12-29,USGS-392110107011300,"Stable, normal stage",Under ice cover,8.3,
nwisco.01.00203175,2002-05-28,USGS-09081000,Rising stage,Snowmelt,8.3,
nwisco.01.99803736,1998-09-02,USGS-392847107171100,"Stable, low stage",Routine sample,8.3,
nwisco.01.98201889,1981-10-08,USGS-09085000,Not determined,Routine sample,8.3,
nwisco.01.00000796,1999-12-03,USGS-09081000,"Stable, normal stage",Routine sample,8.3,
nwisco.01.98201906,1982-02-04,USGS-09085000,Not determined,Routine sample,8.3,
nwisco.01.98201930,1982-07-16,USGS-09085000,Not determined,Routine sample,8.4,
nwisco.01.98201931,1982-07-22,USGS-09085000,Not determined,Routine sample,8.4,
nwisco.01.99801039,1998-01-29,USGS-09081000,"Stable, normal stage",Routine sample,8.4,
nwisco.01.98201932,1982-07-30,USGS-09085000,Not determined,Routine sample,8.4,
nwisco.01.98201936,1982-08-26,USGS-09085000,Not determined,Routine sample,8.4,
nwisco.01.98201899,1981-12-17,USGS-09085000,Not determined,Routine sample,8.4,
nwisco.01.00203178,2002-05-29,USGS-09085000,Rising stage,Snowmelt,8.4,
nwisco.01.98201895,1981-11-19,USGS-09085000,Not determined,Routine sample,8.4,
nwisco.01.98301719,1983-09-08,USGS-09085000,Not determined,Routine sample,8.4,
nwisco.01.00000794,1999-12-02,USGS-09085000,"Stable, normal stage",Routine sample,8.4,
nwisco.01.98301691,1983-02-23,USGS-09085000,Not determined,Routine sample,8.4,
nwisco.01.98301675,1982-11-05,USGS-09085000,Not determined,Routine sample,8.4,
nwisco.01.98301674,1982-10-27,USGS-09085000,Not determined,Routine sample,8.4,
nwisco.01.98301671,1982-10-08,USGS-09085000,Not determined,Routine sample,8.4,
nwisco.01.98201913,1982-03-25,USGS-09085000,Not determined,Routine sample,8.5,
nwisco.01.98201896,1981-11-27,USGS-09085000,Not determined,Routine sample,8.5,
nwisco.01.98201897,1981-12-03,USGS-09085000,Not determined,Routine sample,8.5,
nwisco.01.98201898,1981-12-10,USGS-09085000,Not determined,Routine sample,8.5,
nwisco.01.98201915,1982-04-09,USGS-09085000,Not determined,Routine sample,8.5,
nwisco.01.98201916,1982-04-14,USGS-09085000,Not determined,Routine sample,8.5,
nwisco.01.98201903,1982-01-14,USGS-09085000,Not determined,Routine sample,8.5,
nwisco.01.98201912,1982-03-18,USGS-09085000,Not determined,Routine sample,8.5,
nwisco.01.98201910,1982-03-04,USGS-09085000,Not determined,Routine sample,8.5,
nwisco.01.98301679,1982-12-03,USGS-09085000,Not determined,Routine sample,8.5,
nwisco.01.98201909,1982-02-25,USGS-09085000,Not determined,Routine sample,8.6,
nwisco.01.98201894,1981-11-11,USGS-09085000,Not determined,Routine sample,8.6,
nwisco.01.98201918,1982-04-29,USGS-09085000,Not determined,Routine sample,8.6,
nwisco.01.98201920,1982-05-13,USGS-09085000,Not determined,Routine sample,8.6,
nwisco.01.98201921,1982-05-21,USGS-09085000,Not determined,Routine sample,8.7,
nwisco.01.00102117,2001-04-04,USGS-09081000,Rising stage,Snowmelt,8.7,
nwisco.01.98201904,1982-01-21,USGS-09085000,Not determined,Routine sample,8.7,
nwisco.01.99801434,1998-03-12,USGS-392847107171100,"Stable, low stage",Routine sample,8.8,
nwisco.01.98201902,1982-01-07,USGS-09085000,Not determined,Routine sample,8.8,
nwisco.01.98201908,1982-02-18,USGS-09085000,Not determined,Routine sample,8.9,
nwisco.01.99704221,1997-09-09,USGS-390421106533400,"Stable, normal stage",Routine sample,6.1,
nwisco.01.97802185,1977-12-06,USGS-09073400,Not determined,Routine sample,6.6,
nwisco.01.99704223,1997-09-10,USGS-390810106463000,"Stable, normal stage",Routine sample,6.7,
nwisco.01.97704833,1977-01-03,USGS-391531106525200,Not determined,Routine sample,6.9,
nwisco.01.95900265,1959-05-20,USGS-09085000,Not determined,Routine sample,7.0,
nwisco.01.97805611,1978-08-04,USGS-391755106542401,Not determined,Routine sample,7.0,
nwisco.01.97603416,1976-04-13,USGS-391345106550000,Not determined,Routine sample,7.1,
nwisco.01.96901549,1969-09-25,USGS-09085000,Not determined,Routine sample,7.2,
nwisco.01.96901547,1969-08-26,USGS-09085000,Not determined,Routine sample,7.2,
nwisco.01.96300457,1963-04-26,USGS-09085000,Not determined,Routine sample,7.2,
nwisco.01.99800375,1997-10-22,USGS-09073300,"Stable, normal stage",Routine sample,7.2,
nwisco.01.97601075,1976-04-13,USGS-09073400,Not determined,Routine sample,7.2,
nwisco.01.96100748,1961-07-11,USGS-09085000,Not determined,Routine sample,7.3,
nwisco.01.96701447,1967-05-23,USGS-09085000,Not determined,Routine sample,7.3,
nwisco.01.96701450,1967-06-01,USGS-09085000,Not determined,Routine sample,7.3,
nwisco.01.00402938,2004-07-12,USGS-09073300,"Stable, normal stage",Routine sample,7.3,
nwisco.01.96400625,1963-11-01,USGS-09085000,Not determined,Routine sample,7.3,
nwisco.01.97502297,1975-04-24,USGS-392404107070900,Not determined,Routine sample,7.3,Valley-Fill Deposits
nwisco.01.96300453,1963-03-01,USGS-09085000,Not determined,Routine sample,7.3,
nwisco.01.96300456,1963-04-01,USGS-09085000,Not determined,Routine sample,7.3,
nwisco.01.96300460,1963-05-07,USGS-09085000,Not determined,Routine sample,7.3,
nwisco.01.96000822,1960-06-16,USGS-09085000,Not determined,Routine sample,7.4,
nwisco.01.96100727,1960-11-02,USGS-09085000,Not determined,Routine sample,7.4,
nwisco.01.96200491,1962-06-01,USGS-09085000,Not determined,Routine sample,7.4,
nwisco.01.96200494,1962-07-01,USGS-09085000,Not determined,Routine sample,7.4,
nwisco.01.96300451,1963-02-01,USGS-09085000,Not determined,Routine sample,7.4,
nwisco.01.96300459,1963-05-05,USGS-09085000,Not determined,Routine sample,7.4,
nwisco.01.97502333,1975-04-18,USGS-392828107161301,Not determined,Routine sample,7.4,Pennsylvanian System
nwisco.01.96701446,1967-05-18,USGS-09085000,Not determined,Routine sample,7.4,
nwisco.01.96701455,1967-06-18,USGS-09085000,Not determined,Routine sample,7.4,
nwisco.01.96701464,1967-08-15,USGS-09085000,Not determined,Routine sample,7.4,
nwisco.01.99900875,1999-01-22,USGS-09073300,"Stable, normal stage",Routine sample,7.4,
nwisco.01.96701454,1967-06-11,USGS-09085000,Not determined,Routine sample,7.5,
nwisco.01.97001504,1969-11-21,USGS-09085000,Not determined,Routine sample,7.5,
nwisco.01.99801432,1998-03-12,USGS-09073400,"Stable, low stage",Routine sample,7.5,
nwisco.01.96300469,1963-08-06,USGS-09085000,Not determined,Routine sample,7.5,
nwisco.01.96300465,1963-07-15,USGS-09085000,Not determined,Routine sample,7.5,
nwisco.01.96300461,1963-06-01,USGS-09085000,Not determined,Routine sample,7.5,
nwisco.01.96300458,1963-05-01,USGS-09085000,Not determined,Routine sample,7.5,
nwisco.01.96000828,1960-07-21,USGS-09085000,Not determined,Routine sample,7.5,
nwisco.01.96000798,1959-10-02,USGS-09085000,Not determined,Routine sample,7.5,
nwisco.01.96500882,1965-06-10,USGS-09085000,Not determined,Routine sample,7.5,
nwisco.01.96701443,1967-05-01,USGS-09085000,Not determined,Routine sample,7.5,
nwisco.01.99704018,1997-09-08,USGS-09073300,"Stable, normal stage",Routine sample,7.5,
nwisco.01.96500881,1965-06-01,USGS-09085000,Not determined,Routine sample,7.5,
nwisco.01.95900264,1959-05-10,USGS-09085000,Not determined,Routine sample,7.5,
nwisco.01.99903648,1999-08-18,USGS-09073300,"Stable, normal stage",Routine sample,7.5,
nwisco.01.96701427,1966-12-06,USGS-09085000,Not determined,Routine sample,7.5,
nwisco.01.01004469,2010-08-03,USGS-09073400,"Stable, normal stage",Routine sample,7.6,
nwisco.01.98002396,1980-06-02,USGS-09085000,Not determined,Routine sample,7.6,
nwisco.01.96701467,1967-09-01,USGS-09085000,Not determined,Routine sample,7.6,
nwisco.01.96500877,1965-04-21,USGS-09085000,Not determined,Routine sample,7.6,
nwisco.01.96300454,1963-03-22,USGS-09085000,Not determined,Routine sample,7.6,
nwisco.01.97001506,1969-12-23,USGS-09085000,Not determined,Routine sample,7.6,
nwisco.01.00301908,2003-04-23,USGS-09073300,"Stable, normal stage",Snowmelt,7.6,
nwisco.01.96200501,1962-09-15,USGS-09085000,Not determined,Routine sample,7.6,
nwisco.01.96200498,1962-08-01,USGS-09085000,Not determined,Routine sample,7.6,
nwisco.01.96601003,1966-05-08,USGS-09085000,Not determined,Routine sample,7.6,
nwisco.01.97502315,1975-04-10,USGS-392557107085100,Not determined,Routine sample,7.6,Quaternary System
nwisco.01.96400631,1964-03-01,USGS-09085000,Not determined,Routine sample,7.6,
nwisco.01.99802216,1998-05-11,USGS-09073300,"Stable, normal stage",Snowmelt,7.6,
nwisco.01.96000833,1960-08-18,USGS-09085000,Not determined,Routine sample,7.6,
nwisco.01.97603398,1976-04-13,USGS-391220106573800,Not determined,Routine sample,7.6,
nwisco.01.96000831,1960-08-04,USGS-09085000,Not determined,Routine sample,7.6,
nwisco.01.96000818,1960-05-25,USGS-09085000,Not determined,Routine sample,7.6,
nwisco.01.99803526,1998-08-19,USGS-09073300,"Stable, normal stage",Routine sample,7.7,
nwisco.01.99803066,1998-07-30,USGS-09073300,"Stable, normal stage",Routine sample,7.7,
nwisco.01.96300448,1962-12-01,USGS-09085000,Not determined,Routine sample,7.7,
nwisco.01.96600983,1965-10-01,USGS-09085000,Not determined,Routine sample,7.7,
nwisco.01.96600988,1965-12-01,USGS-09085000,Not determined,Routine sample,7.7,
nwisco.01.96600998,1966-04-01,USGS-09085000,Not determined,Routine sample,7.7,
nwisco.01.96601013,1966-07-01,USGS-09085000,Not determined,Routine sample,7.7,
nwisco.01.96601019,1966-08-07,USGS-09085000,Not determined,Routine sample,7.7,
nwisco.01.99900296,1998-10-21,USGS-09073300,"Stable, normal stage",Routine sample,7.7,
nwisco.01.96000805,1960-04-16,USGS-09085000,Not determined,Routine sample,7.7,
nwisco.01.00103301,2001-05-30,USGS-09073300,Peak stage,Snowmelt,7.7,
nwisco.01.97905901,1978-11-28,USGS-391740106550701,Not determined,Routine sample,7.7,
nwisco.01.95900269,1959-08-01,USGS-09085000,Not determined,Routine sample,7.7,
nwisco.01.96701430,1967-01-01,USGS-09085000,Not determined,Routine sample,7.7,
nwisco.01.96701437,1967-03-01,USGS-09085000,Not determined,Routine sample,7.7,
nwisco.01.99900874,1999-01-21,USGS-09085000,"Stable, normal stage",Routine sample,7.7,
nwisco.01.97001502,1969-10-28,USGS-09085000,Not determined,Routine sample,7.7,
nwisco.01.97001519,1970-05-21,USGS-09085000,Not determined,Routine sample,7.7,
nwisco.01.98002393,1980-05-13,USGS-09085000,Not determined,Routine sample,7.7,
nwisco.01.97704825,1977-01-04,USGS-391345106550000,Not determined,Routine sample,7.7,
nwisco.01.98102619,1981-04-17,USGS-09085000,Not determined,Routine sample,7.7,
nwisco.01.96500869,1964-11-01,USGS-09085000,Not determined,Routine sample,7.7,
nwisco.01.96500895,1965-09-01,USGS-09085000,Not determined,Routine sample,7.7,
nwisco.01.01202581,2012-06-18,USGS-09081000,"Stable, normal stage",Routine sample,7.8,
nwisco.01.97704816,1977-01-04,USGS-391220106573800,Not determined,Routine sample,7.8,
nwisco.01.96000838,1960-09-15,USGS-09085000,Not determined,Routine sample,7.8,
nwisco.01.96400627,1963-12-01,USGS-09085000,Not determined,Routine sample,7.8,
nwisco.01.96400629,1964-01-01,USGS-09085000,Not determined,Routine sample,7.8,
nwisco.01.00400284,2003-10-21,USGS-09073300,"Stable, low stage",Routine sample,7.8,
nwisco.01.96600990,1966-01-01,USGS-09085000,Not determined,Routine sample,7.8,
nwisco.01.96200500,1962-09-01,USGS-09085000,Not determined,Routine sample,7.8,
nwisco.01.96300446,1962-11-01,USGS-09085000,Not determined,Routine sample,7.8,
nwisco.01.99801013,1998-01-27,USGS-09073300,"Stable, normal stage",Routine sample,7.8,
nwisco.01.96500871,1965-01-01,USGS-09085000,Not determined,Routine sample,7.8,
nwisco.01.96500874,1965-03-24,USGS-09085000,Not determined,Routine sample,7.8,
nwisco.01.00201669,2002-03-06,USGS-09073300,"Stable, low stage",Under ice cover,7.8,
nwisco.01.00500536,2004-11-22,USGS-09073300,"Stable, normal stage",Routine sample,7.8,
nwisco.01.96701468,1967-09-16,USGS-09085000,Not determined,Routine sample,7.8,
nwisco.01.98102625,1981-05-30,USGS-09085000,Not determined,Routine sample,7.9,
nwisco.01.95900267,1959-06-26,USGS-09085000,Not determined,Routine sample,7.9,
nwisco.01.95900268,1959-07-17,USGS-09085000,Not determined,Routine sample,7.9,
nwisco.01.96100736,1961-05-17,USGS-09085000,Not determined,Routine sample,7.9,
nwisco.01.96300450,1963-01-01,USGS-09085000,Not determined,Routine sample,7.9,
nwisco.01.96300463,1963-06-26,USGS-09085000,Not determined,Routine sample,7.9,
nwisco.01.96701423,1966-11-15,USGS-09085000,Not determined,Routine sample,7.9,
nwisco.01.96701431,1967-01-19,USGS-09085000,Not determined,Routine sample,7.9,
nwisco.01.96701432,1967-01-20,USGS-09085000,Not determined,Routine sample,7.9,
nwisco.01.96701440,1967-04-01,USGS-09085000,Not determined,Routine sample,7.9,
nwisco.01.96701441,1967-04-08,USGS-09085000,Not determined,Routine sample,7.9,
nwisco.01.98002398,1980-06-13,USGS-09085000,Not determined,Routine sample,7.9,
nwisco.01.98002390,1980-04-28,USGS-09085000,Not determined,Routine sample,7.9,
nwisco.01.99901529,1999-04-20,USGS-09073300,"Stable, normal stage",Routine sample,7.9,
nwisco.01.99700672,1996-12-18,USGS-09073300,"Stable, normal stage",Routine sample,7.9,
nwisco.01.97001510,1970-01-27,USGS-09085000,Not determined,Routine sample,7.9,
nwisco.01.00001222,2000-01-26,USGS-09073300,"Stable, low stage",Under ice cover,7.9,
nwisco.01.00303468,2003-07-22,USGS-09073300,"Stable, low stage",Routine sample,7.9,
nwisco.01.97502307,1975-04-10,USGS-392502107090600,Not determined,Routine sample,7.9,"Alluvium, Flood Plain"
nwisco.01.00101227,2001-02-07,USGS-09073300,"Stable, low stage",Under ice cover,7.9,
nwisco.01.00105741,2001-08-28,USGS-09073300,"Stable, normal stage",Routine sample,7.9,
nwisco.01.00204202,2002-07-29,USGS-09073300,"Stable, low stage",Drought,7.9,
nwisco.01.01401479,2014-04-23,USGS-09085000,"Stable, normal stage",Routine sample,7.9,
nwisco.01.95900271,1959-09-03,USGS-09085000,Not determined,Routine sample,8.0,
nwisco.01.99701966,1997-05-23,USGS-09085000,Falling stage,Snowmelt,8.0,
nwisco.01.96400630,1964-02-01,USGS-09085000,Not determined,Routine sample,8.0,
nwisco.01.97502331,1975-04-22,USGS-392814107145100,Not determined,Routine sample,8.0,Quaternary System
nwisco.01.96000802,1959-11-05,USGS-09085000,Not determined,Routine sample,8.0,
nwisco.01.96000800,1959-10-25,USGS-09085000,Not determined,Routine sample,8.0,
nwisco.01.99400988,1994-03-21,USGS-09085000,"Stable, normal stage",Routine sample,8.0,
nwisco.01.96701433,1967-02-01,USGS-09085000,Not determined,Routine sample,8.0,
nwisco.01.97102029,1970-11-24,USGS-09085000,Not determined,Routine sample,8.0,
nwisco.01.96601010,1966-06-11,USGS-09085000,Not determined,Routine sample,8.0,
nwisco.01.96601002,1966-05-07,USGS-09085000,Not determined,Routine sample,8.0,
nwisco.01.97001512,1970-02-24,USGS-09085000,Not determined,Routine sample,8.0,
nwisco.01.00002245,2000-05-10,USGS-09073300,"Stable, high stage",Snowmelt,8.0,
nwisco.01.99701139,1997-03-06,USGS-09073300,"Stable, normal stage",Routine sample,8.0,
nwisco.01.98102629,1981-06-26,USGS-09085000,Not determined,Routine sample,8.0,
nwisco.01.97704818,1977-01-03,USGS-391239106501900,Not determined,Routine sample,8.0,
nwisco.01.00300086,2002-10-08,USGS-09073300,"Stable, low stage",Routine sample,8.0,
nwisco.01.96701460,1967-07-20,USGS-09085000,Not determined,Routine sample,8.0,
nwisco.01.95900263,1958-11-12,USGS-09085000,Not determined,Routine sample,8.0,
nwisco.01.98002394,1980-05-23,USGS-09085000,Not determined,Routine sample,8.0,
nwisco.01.99903651,1999-08-19,USGS-09085000,"Stable, normal stage",Routine sample,8.0,
nwisco.01.01001659,2010-04-13,USGS-09073400,"Stable, normal stage",Routine sample,8.0,
nwisco.01.01702722,2017-07-13,USGS-09081000,"Stable, high stage",Routine sample,8.0,
nwisco.01.01603165,2016-07-26,USGS-09081000,"Stable, normal stage",Routine sample,8.0,
nwisco.01.01602560,2016-06-27,USGS-09081000,"Stable, normal stage",Routine sample,8.0,
nwisco.01.01301934,2013-05-16,USGS-09085000,Rising stage,Routine sample,8.0,
nwisco.01.01902006,2019-07-01,USGS-09085000,"Stable, high stage",Routine sample,8.1,
nwisco.01.00800742,2008-01-30,USGS-09081000,"Stable, normal stage",Routine sample,8.1,
nwisco.01.97603399,1976-08-23,USGS-391220106573800,Not determined,Routine sample,8.1,
nwisco.01.96000836,1960-09-01,USGS-09085000,Not determined,Routine sample,8.1,
nwisco.01.00402289,2004-05-25,USGS-09081000,"Stable, normal stage",Snowmelt,8.1,
nwisco.01.99802437,1998-06-01,USGS-09081000,Rising stage,Snowmelt,8.1,
nwisco.01.96100733,1961-03-23,USGS-09085000,Not determined,Routine sample,8.1,
nwisco.01.96100746,1961-06-27,USGS-09085000,Not determined,Routine sample,8.1,
nwisco.01.97001516,1970-04-22,USGS-09085000,Not determined,Routine sample,8.1,
nwisco.01.99802565,1998-06-09,USGS-09085000,"Stable, normal stage",Routine sample,8.1,
nwisco.01.00602519,2006-08-16,USGS-09081000,"Stable, normal stage",Routine sample,8.1,
nwisco.01.99803065,1998-07-30,USGS-09081000,"Stable, normal stage",Routine sample,8.1,
nwisco.01.99704020,1997-09-10,USGS-09085000,"Stable, normal stage",Routine sample,8.1,
nwisco.01.99504000,1995-08-22,USGS-09085000,"Stable, normal stage",Routine sample,8.1,
nwisco.01.00601482,2006-05-25,USGS-09085000,Falling stage,Routine sample,8.1,
nwisco.01.96400636,1964-05-01,USGS-09085000,Not determined,Routine sample,8.1,
nwisco.01.96400645,1964-07-01,USGS-09085000,Not determined,Routine sample,8.1,
nwisco.01.97502299,1975-04-23,USGS-392428107064500,Not determined,Routine sample,8.1,Pennsylvanian System
nwisco.01.00403985,2004-09-08,USGS-09081000,"Stable, low stage",Routine sample,8.1,
nwisco.01.00205225,2002-09-04,USGS-09081000,"Stable, low stage",Drought,8.1,
nwisco.01.99501187,1995-03-21,USGS-09085000,"Stable, normal stage",Routine sample,8.1,
nwisco.01.98002377,1980-02-04,USGS-09085000,Not determined,Routine sample,8.1,
nwisco.01.96500880,1965-05-26,USGS-09085000,Not determined,Routine sample,8.1,
nwisco.01.98002378,1980-02-13,USGS-09085000,Not determined,Routine sample,8.1,
nwisco.01.98002382,1980-03-13,USGS-09085000,Not determined,Routine sample,8.1,
nwisco.01.98002388,1980-04-17,USGS-09085000,Not determined,Routine sample,8.1,
nwisco.01.00701560,2007-06-06,USGS-09081000,"Stable, high stage",Routine sample,8.1,
nwisco.01.00001074,2000-01-13,USGS-09073300,"Stable, low stage",Under ice cover,8.1,
nwisco.01.98102591,1980-10-03,USGS-09085000,Not determined,Routine sample,8.1,
nwisco.01.98102596,1980-11-04,USGS-09085000,Not determined,Routine sample,8.1,
nwisco.01.98102612,1981-02-26,USGS-09085000,Not determined,Routine sample,8.1,
nwisco.01.98102622,1981-05-06,USGS-09085000,Not determined,Routine sample,8.1,
nwisco.01.98102635,1981-08-06,USGS-09085000,Not determined,Routine sample,8.1,
nwisco.01.96000811,1960-05-04,USGS-09085000,Not determined,Routine sample,8.1,
nwisco.01.01703856,2017-08-28,USGS-09081000,"Stable, normal stage",Routine sample,8.2,
nwisco.01.01901523,2019-05-17,USGS-09085000,"Stable, high stage",Routine sample,8.2,
nwisco.01.01901524,2019-05-17,USGS-09081000,"Stable, high stage",Routine sample,8.2,
nwisco.01.01602559,2016-06-27,USGS-09085000,"Stable, normal stage",Routine sample,8.2,
nwisco.01.01403506,2014-09-03,USGS-09081000,"Stable, normal stage",Routine sample,8.2,
nwisco.01.01600546,2016-01-06,USGS-09085000,"Stable, normal stage",Routine sample,8.2,
nwisco.01.01400053,2013-10-22,USGS-09081000,"Stable, normal stage",Routine sample,8.2,
nwisco.01.99802217,1998-05-12,USGS-09085000,"Stable, normal stage",Snowmelt,8.2,
nwisco.01.99903649,1999-08-18,USGS-09081000,"Stable, normal stage",Routine sample,8.2,
nwisco.01.96300462,1963-06-12,USGS-09085000,Not determined,Routine sample,8.2,
nwisco.01.98002399,1980-06-16,USGS-09085000,Not determined,Routine sample,8.2,
nwisco.01.98002407,1980-07-31,USGS-09085000,Not determined,Routine sample,8.2,
nwisco.01.98002410,1980-08-22,USGS-09085000,Not determined,Routine sample,8.2,
nwisco.01.98002416,1980-09-11,USGS-09085000,Not determined,Routine sample,8.2,
nwisco.01.98002418,1980-09-25,USGS-09085000,Not determined,Routine sample,8.2,
nwisco.01.00002812,2000-06-07,USGS-09081000,Falling stage,Snowmelt,8.2,
nwisco.01.00002810,2000-06-06,USGS-09085000,Falling stage,Snowmelt,8.2,
nwisco.01.99800374,1997-10-21,USGS-09085000,"Stable, normal stage",Routine sample,8.2,
nwisco.01.98102593,1980-10-16,USGS-09085000,Not determined,Routine sample,8.2,
nwisco.01.99902995,1999-07-21,USGS-09081000,"Stable, normal stage",Routine sample,8.2,
nwisco.01.97802369,1977-12-07,USGS-09085000,Not determined,Routine sample,8.2,
nwisco.01.98102606,1981-01-16,USGS-09085000,Not determined,Routine sample,8.2,
nwisco.01.99401846,1994-06-06,USGS-09085000,Falling stage,Snowmelt,8.2,
nwisco.01.98102609,1981-02-06,USGS-09085000,Not determined,Routine sample,8.2,
nwisco.01.98102611,1981-02-20,USGS-09085000,Not determined,Routine sample,8.2,
nwisco.01.98102616,1981-03-25,USGS-09085000,Not determined,Routine sample,8.2,
nwisco.01.99902997,1999-07-22,USGS-09085000,"Stable, normal stage",Routine sample,8.2,
nwisco.01.98102639,1981-09-04,USGS-09085000,Not determined,Routine sample,8.2,
nwisco.01.96000816,1960-05-19,USGS-09085000,Not determined,Routine sample,8.2,
nwisco.01.00002103,2000-04-25,USGS-09073300,"Stable, normal stage",Snowmelt,8.2,
nwisco.01.97001528,1970-08-26,USGS-09085000,Not determined,Routine sample,8.2,
nwisco.01.97905892,1979-08-30,USGS-391140106492001,Not determined,Routine sample,8.2,
nwisco.01.99803764,1998-09-03,USGS-391531106525200,"Stable, low stage",Routine sample,8.2,
nwisco.01.97502312,1975-04-23,USGS-392522107052900,Not determined,Routine sample,8.2,Quaternary System
nwisco.01.99803523,1998-08-19,USGS-09085000,"Stable, normal stage",Routine sample,8.2,
nwisco.01.00601484,2006-05-25,USGS-09081000,Falling stage,Routine sample,8.2,
nwisco.01.00600390,2005-12-23,USGS-09081000,"Stable, normal stage",Routine sample,8.2,
nwisco.01.00202582,2002-04-25,USGS-09085000,Rising stage,Snowmelt,8.2,
nwisco.01.00102018,2001-03-26,USGS-392110107011300,"Stable, normal stage",Snowmelt,8.2,
nwisco.01.98002381,1980-03-06,USGS-09085000,Not determined,Routine sample,8.2,
nwisco.01.00001260,1999-12-22,USGS-392110107011300,"Stable, normal stage",Under ice cover,8.2,
nwisco.01.99802218,1998-05-12,USGS-09081000,"Stable, normal stage",Snowmelt,8.2,
nwisco.01.01003429,2010-06-23,USGS-09085000,"Stable, normal stage",Routine sample,8.2,
nwisco.01.01001259,2010-02-17,USGS-09073400,"Stable, normal stage",Routine sample,8.2,
nwisco.01.02000096,2019-10-24,USGS-09081000,"Stable, normal stage",Routine sample,8.3,
nwisco.01.01701184,2017-03-20,USGS-09081000,"Stable, normal stage",Routine sample,8.3,
nwisco.01.00903374,2009-07-08,USGS-09085000,"Stable, normal stage",Routine sample,8.3,
nwisco.01.01500229,2014-11-13,USGS-09081000,"Stable, normal stage",Routine sample,8.3,
nwisco.01.01401478,2014-04-23,USGS-09081000,"Stable, normal stage",Routine sample,8.3,
nwisco.01.00500846,2005-01-25,USGS-09081000,"Stable, normal stage",Routine sample,8.3,
nwisco.01.97201721,1972-02-22,USGS-09085000,Not determined,Routine sample,8.3,
nwisco.01.98002385,1980-03-27,USGS-09085000,Not determined,Routine sample,8.3,
nwisco.01.98002406,1980-07-25,USGS-09085000,Not determined,Routine sample,8.3,
nwisco.01.98002408,1980-08-07,USGS-09085000,Not determined,Routine sample,8.3,
nwisco.01.98002412,1980-08-29,USGS-09085000,Not determined,Routine sample,8.3,
nwisco.01.98002415,1980-09-02,USGS-09085000,Not determined,Routine sample,8.3,
nwisco.01.00200922,2001-10-12,USGS-09085000,"Stable, low stage",Routine sample,8.3,
nwisco.01.98102641,1981-09-18,USGS-09085000,Not determined,Routine sample,8.3,
nwisco.01.98102638,1981-08-28,USGS-09085000,Not determined,Routine sample,8.3,
nwisco.01.98102634,1981-07-31,USGS-09085000,Not determined,Routine sample,8.3,
nwisco.01.98102599,1980-11-25,USGS-09085000,Not determined,Routine sample,8.3,
nwisco.01.00503408,2005-09-06,USGS-09081000,"Stable, normal stage",Routine sample,8.3,
nwisco.01.00204203,2002-07-29,USGS-09081000,"Stable, low stage",Drought,8.3,
nwisco.01.00002091,2000-04-24,USGS-09085000,"Stable, normal stage",Snowmelt,8.3,
nwisco.01.00004470,2000-08-21,USGS-09085000,"Stable, normal stage",Routine sample,8.3,
nwisco.01.00004472,2000-08-22,USGS-09081000,"Stable, normal stage",Routine sample,8.3,
nwisco.01.97805610,1977-12-06,USGS-391740106550701,Not determined,Routine sample,8.3,
nwisco.01.99803525,1998-08-19,USGS-09081000,"Stable, normal stage",Routine sample,8.3,
nwisco.01.00105740,2001-08-28,USGS-09081000,"Stable, normal stage",Routine sample,8.3,
nwisco.01.00301910,2003-04-24,USGS-09085000,"Stable, normal stage",Snowmelt,8.3,
nwisco.01.00101204,2001-02-07,USGS-392110107011300,"Stable, low stage",Under ice cover,8.3,
nwisco.01.97603417,1976-08-23,USGS-391345106550000,Not determined,Routine sample,8.3,
nwisco.01.00103300,2001-05-30,USGS-09085000,Peak stage,Snowmelt,8.3,
nwisco.01.01900002,2018-10-02,USGS-09081000,"Stable, normal stage",Routine sample,8.4,
nwisco.01.01900001,2018-10-02,USGS-09085000,"Stable, normal stage",Routine sample,8.4,
nwisco.01.02000480,2019-12-19,USGS-09081000,"Stable, normal stage",Routine sample,8.4,
nwisco.01.01900406,2018-12-19,USGS-09081000,"Stable, normal stage",Routine sample,8.4,
nwisco.01.01003430,2010-06-23,USGS-09081000,"Stable, normal stage",Routine sample,8.4,
nwisco.01.00901720,2009-05-14,USGS-09081000,"Stable, high stage",Routine sample,8.4,
nwisco.01.01101230,2011-03-31,USGS-09081000,"Stable, normal stage",Routine sample,8.4,
nwisco.01.00801597,2008-04-22,USGS-09081000,Rising stage,Routine sample,8.4,
nwisco.01.01000918,2009-12-16,USGS-09081000,"Stable, normal stage",Routine sample,8.4,
nwisco.01.00101841,2001-03-09,USGS-392110107011300,"Stable, low stage",Spring breakup,8.4,
nwisco.01.00400288,2003-10-23,USGS-09085000,"Stable, low stage",Drought,8.4,
nwisco.01.99601378,1996-03-21,USGS-09085000,"Stable, normal stage",Routine sample,8.4,
nwisco.01.98102633,1981-07-22,USGS-09085000,Not determined,Routine sample,8.4,
nwisco.01.99703574,1997-08-20,USGS-09085000,"Stable, normal stage",Routine sample,8.4,
nwisco.01.00002246,2000-05-11,USGS-392110107011300,"Stable, high stage",Snowmelt,8.4,
nwisco.01.98002383,1980-03-17,USGS-09085000,Not determined,Routine sample,8.4,
nwisco.01.98002386,1980-04-01,USGS-09085000,Not determined,Routine sample,8.4,
nwisco.01.99801038,1998-01-29,USGS-09085000,"Stable, normal stage",Routine sample,8.4,
nwisco.01.00100286,2000-11-08,USGS-09081000,"Stable, low stage",Routine sample,8.4,
nwisco.01.00102239,2001-04-12,USGS-392110107011300,"Stable, low stage",Snowmelt,8.4,
nwisco.01.01205156,2012-09-27,USGS-09081000,"Stable, normal stage",Routine sample,8.4,
nwisco.01.01201548,2012-04-10,USGS-09081000,"Stable, normal stage",Routine sample,8.4,
nwisco.01.01600432,2015-12-16,USGS-09081000,"Stable, normal stage",Routine sample,8.4,
nwisco.01.01400742,2014-02-13,USGS-09085000,"Stable, normal stage",Routine sample,8.4,
nwisco.01.01501400,2015-04-29,USGS-09081000,"Stable, normal stage",Routine sample,8.5,
nwisco.01.01501656,2015-05-29,USGS-09085000,"Stable, normal stage",Routine sample,8.5,
nwisco.01.01203699,2012-07-24,USGS-09085000,"Stable, normal stage",Routine sample,8.5,
nwisco.01.01601543,2016-04-19,USGS-09081000,"Stable, normal stage",Routine sample,8.5,
nwisco.01.01801215,2018-04-09,USGS-09085000,"Stable, normal stage",Routine sample,8.5,
nwisco.01.00003239,2000-06-27,USGS-392110107011300,Falling stage,Snowmelt,8.5,
nwisco.01.00201670,2002-03-07,USGS-09085000,"Stable, low stage",Routine sample,8.5,
nwisco.01.00102240,2001-04-13,USGS-392110107011300,"Stable, low stage",Snowmelt,8.5,
nwisco.01.98102623,1981-05-15,USGS-09085000,Not determined,Routine sample,8.5,
nwisco.01.00300090,2002-10-10,USGS-09085000,"Stable, low stage",Routine sample,8.5,
nwisco.01.00101512,2001-02-20,USGS-392110107011300,"Stable, low stage",Snowmelt,8.5,
nwisco.01.00400678,2003-12-10,USGS-09081000,"Stable, normal stage",Routine sample,8.5,
nwisco.01.00100889,2001-01-23,USGS-392110107011300,"Stable, low stage",Under ice cover,8.5,
nwisco.01.00105744,2001-08-30,USGS-09085000,"Stable, normal stage",Routine sample,8.5,
nwisco.01.00501399,2005-04-12,USGS-09081000,"Stable, normal stage",Routine sample,8.5,
nwisco.01.00100602,2000-12-05,USGS-392110107011300,"Stable, low stage",Under ice cover,8.5,
nwisco.01.01001660,2010-04-14,USGS-09085000,"Stable, normal stage",Routine sample,8.5,
nwisco.01.01100568,2010-11-16,USGS-09085000,"Stable, normal stage",Routine sample,8.5,
nwisco.01.01100762,2011-01-12,USGS-09085000,"Stable, normal stage",Routine sample,8.6,
nwisco.01.01402319,2014-07-16,USGS-09085000,"Stable, normal stage",Routine sample,8.6,
nwisco.01.01200697,2011-12-09,USGS-09081000,"Stable, normal stage",Routine sample,8.6,
nwisco.01.01400054,2013-10-22,USGS-09085000,"Stable, normal stage",Routine sample,8.6,
nwisco.01.01500230,2014-11-13,USGS-09085000,"Stable, normal stage",Routine sample,8.6,
nwisco.01.00101226,2001-02-07,USGS-09081000,"Stable, low stage",Under ice cover,8.6,
nwisco.01.99900295,1998-10-20,USGS-09085000,"Stable, normal stage",Routine sample,8.6,
nwisco.01.00100520,2000-11-22,USGS-392110107011300,"Stable, low stage",Under ice cover,8.6,
nwisco.01.00401635,2004-04-20,USGS-09085000,"Stable, normal stage",Routine sample,8.6,
nwisco.01.00304229,2003-09-05,USGS-09085000,"Stable, low stage",Routine sample,8.6,
nwisco.01.97603401,1976-04-13,USGS-391239106501900,Not determined,Routine sample,8.6,
nwisco.01.00701103,2007-04-16,USGS-09081000,"Stable, normal stage",Routine sample,8.6,
nwisco.01.00403988,2004-09-09,USGS-09085000,"Stable, low stage",Routine sample,8.6,
nwisco.01.00204206,2002-07-30,USGS-09085000,"Stable, low stage",Drought,8.6,
nwisco.01.00202579,2002-04-24,USGS-09081000,Rising stage,Snowmelt,8.6,
nwisco.01.00003997,2000-07-25,USGS-09081000,"Stable, low stage",Routine sample,8.6,
nwisco.01.00301060,2003-02-04,USGS-09085000,"Stable, low stage",Routine sample,8.6,
nwisco.01.98102615,1981-03-18,USGS-09085000,Not determined,Routine sample,8.6,
nwisco.01.01903183,2019-09-25,USGS-09085000,"Stable, normal stage",Routine sample,8.6,
nwisco.01.99501565,1995-04-04,USGS-391531106525200,"Stable, normal stage",Routine sample,8.7,
nwisco.01.97001526,1970-07-28,USGS-09085000,Not determined,Routine sample,8.7,
nwisco.01.00701102,2007-04-16,USGS-09085000,"Stable, normal stage",Routine sample,8.7,
nwisco.01.97502342,1975-02-17,USGS-392946107182100,Not determined,Routine sample,8.7,
nwisco.01.00101203,2001-02-06,USGS-392110107011300,"Stable, low stage",Under ice cover,8.7,
nwisco.01.00102115,2001-04-04,USGS-09085000,Rising stage,Snowmelt,8.7,
nwisco.01.00002098,2000-04-24,USGS-09081000,"Stable, normal stage",Snowmelt,8.7,
nwisco.01.01802004,2018-06-21,USGS-09085000,"Stable, normal stage",Routine sample,8.7,
nwisco.01.01604564,2016-09-26,USGS-09085000,"Stable, normal stage",Routine sample,8.7,
nwisco.01.01800147,2017-11-06,USGS-09085000,"Stable, normal stage",Routine sample,8.7,
nwisco.01.01900405,2018-12-19,USGS-09085000,"Stable, normal stage",Routine sample,8.7,
nwisco.01.02000891,2020-02-25,USGS-09085000,"Stable, normal stage",Routine sample,8.7,
nwisco.01.01701017,2017-02-13,USGS-09085000,"Stable, normal stage",Routine sample,8.7,
nwisco.01.01100567,2010-11-16,USGS-09081000,"Stable, normal stage",Routine sample,8.7,
nwisco.01.00900334,2008-11-17,USGS-09085000,"Stable, normal stage",Routine sample,8.7,
nwisco.01.01501401,2015-04-29,USGS-09085000,"Stable, normal stage",Routine sample,8.7,
nwisco.01.01301085,2013-03-13,USGS-09081000,"Stable, normal stage",Routine sample,8.7,
nwisco.01.01600186,2015-10-26,USGS-09085000,"Stable, normal stage",Routine sample,8.8,
nwisco.01.01105782,2011-09-28,USGS-09085000,"Stable, normal stage",Routine sample,8.8,
nwisco.01.01301086,2013-03-13,USGS-09085000,"Stable, normal stage",Routine sample,8.8,
nwisco.01.01600431,2015-12-16,USGS-09085000,"Stable, normal stage",Routine sample,8.8,
nwisco.01.01201222,2012-02-14,USGS-09081000,"Stable, normal stage",Routine sample,8.8,
nwisco.01.00800053,2007-10-10,USGS-09085000,"Stable, normal stage",Routine sample,8.8,
nwisco.01.00100287,2000-11-08,USGS-09085000,"Stable, low stage",Routine sample,8.8,
nwisco.01.99901532,1999-04-20,USGS-09081000,"Stable, normal stage",Routine sample,8.8,
nwisco.01.00601100,2006-04-13,USGS-09081000,"Stable, normal stage",Routine sample,8.8,
nwisco.01.00600713,2006-02-15,USGS-09081000,"Stable, normal stage",Routine sample,8.8,
nwisco.01.00001966,2000-04-12,USGS-392110107011300,"Stable, normal stage",Snowmelt,8.8,
nwisco.01.00700273,2006-11-07,USGS-09081000,"Stable, normal stage",Routine sample,8.8,
nwisco.01.00104386,2001-07-17,USGS-09085000,"Stable, normal stage",Routine sample,8.8,
nwisco.01.97502283,1975-02-19,USGS-392158107020000,Not determined,Routine sample,8.8,
nwisco.01.00500537,2004-11-22,USGS-09081000,"Stable, normal stage",Routine sample,8.8,
nwisco.01.01703855,2017-08-28,USGS-09085000,"Stable, normal stage",Routine sample,8.8,
nwisco.01.01901162,2019-03-20,USGS-09085000,"Stable, normal stage",Routine sample,8.8,
nwisco.01.98102620,1981-04-24,USGS-09085000,Not determined,Routine sample,8.9,
nwisco.01.00001292,2000-02-16,USGS-392110107011300,"Stable, low stage",Routine sample,8.9,
nwisco.01.00001579,2000-03-09,USGS-392110107011300,"Stable, normal stage",Routine sample,8.9,
nwisco.01.99801433,1998-03-12,USGS-391531106525200,"Stable, low stage",Routine sample,8.9,
nwisco.01.00102116,2001-04-04,USGS-392110107011300,Rising stage,Snowmelt,8.9,
nwisco.01.01104184,2011-08-16,USGS-09085000,"Stable, normal stage",Routine sample,8.9,
nwisco.01.01801149,2018-03-19,USGS-09085000,"Stable, normal stage",Routine sample,8.9,
nwisco.01.00101506,2001-02-20,USGS-392110107011300,"Stable, low stage",Snowmelt,9.0,
nwisco.01.97502335,1975-02-17,USGS-392844107170900,Not determined,Routine sample,9.1,
nwisco.01.00007492,2000-03-27,USGS-392535107224600,Not applicable,Not applicable,5.0,
nwisco.01.00007489,2000-03-29,USGS-390835106485500,Not applicable,Not applicable,5.2,
nwisco.01.99406813,1994-04-20,USGS-392535107224600,Not applicable,Not applicable,5.2,
nwisco.01.00109627,2001-03-29,USGS-392535107224600,Not applicable,Not applicable,5.4,
nwisco.01.01701915,2017-03-24,USGS-392535107224600,Not applicable,Not applicable,5.6,
nwisco.01.00604816,2006-03-30,USGS-392535107224600,Not applicable,Not applicable,5.8,
nwisco.01.01504215,2015-03-27,USGS-392535107224600,Not applicable,Not applicable,5.8,
nwisco.01.01106131,2011-03-21,USGS-392535107224600,Not applicable,Not applicable,5.8,
nwisco.01.01601712,2016-04-01,USGS-392535107224600,Not applicable,Not applicable,6.4,
nwisco.01.00208503,2002-03-22,USGS-392535107224600,Not applicable,Not applicable,6.5,
nwisco.01.01801729,2018-03-23,USGS-392535107224600,Not applicable,Not applicable,6.5,
nwisco.01.99704221,1997-09-09,USGS-390421106533400,"Stable, normal stage",Routine sample,6.6,
nwisco.01.00906778,2009-04-02,USGS-392535107224600,Not applicable,Not applicable,6.7,
nwisco.01.99704223,1997-09-10,USGS-390810106463000,"Stable, normal stage",Routine sample,7.0,
nwisco.01.00300086,2002-10-08,USGS-09073300,"Stable, low stage",Routine sample,7.1,
nwisco.01.99800375,1997-10-22,USGS-09073300,"Stable, normal stage",Routine sample,7.6,
nwisco.01.99701139,1997-03-06,USGS-09073300,"Stable, normal stage",Routine sample,7.7,
nwisco.01.98301713,1983-07-29,USGS-09085000,Not determined,Routine sample,7.7,
nwisco.01.00001222,2000-01-26,USGS-09073300,"Stable, low stage",Under ice cover,7.7,
nwisco.01.99801432,1998-03-12,USGS-09073400,"Stable, low stage",Routine sample,7.7,
nwisco.01.98403294,1984-04-20,USGS-09085000,"Stable, normal stage",Routine sample,7.7,
nwisco.01.99802437,1998-06-01,USGS-09081000,Rising stage,Snowmelt,7.7,
nwisco.01.98403272,1983-12-06,USGS-09085000,Not determined,Routine sample,7.7,
nwisco.01.98403309,1984-07-20,USGS-09085000,Falling stage,Routine sample,7.7,
nwisco.01.98403306,1984-06-29,USGS-09085000,"Stable, high stage",Snowmelt,7.7,
nwisco.01.98403304,1984-06-21,USGS-09085000,"Stable, high stage",Snowmelt,7.7,
nwisco.01.99900296,1998-10-21,USGS-09073300,"Stable, normal stage",Routine sample,7.8,
nwisco.01.00002103,2000-04-25,USGS-09073300,"Stable, normal stage",Snowmelt,7.8,
nwisco.01.98403279,1984-01-25,USGS-09085000,Not determined,Routine sample,7.8,
nwisco.01.99701966,1997-05-23,USGS-09085000,Falling stage,Snowmelt,7.8,
nwisco.01.98403302,1984-06-05,USGS-09085000,"Stable, high stage",Snowmelt,7.8,
nwisco.01.98403303,1984-06-15,USGS-09085000,"Stable, high stage",Snowmelt,7.8,
nwisco.01.99901529,1999-04-20,USGS-09073300,"Stable, normal stage",Routine sample,7.8,
nwisco.01.98403312,1984-08-03,USGS-09085000,Falling stage,Routine sample,7.8,
nwisco.01.98301702,1983-05-12,USGS-09085000,Not determined,Routine sample,7.8,
nwisco.01.99803526,1998-08-19,USGS-09073300,"Stable, normal stage",Routine sample,7.8,
nwisco.01.00302335,2003-05-28,USGS-09073300,Rising stage,Snowmelt,7.8,
nwisco.01.00105741,2001-08-28,USGS-09073300,"Stable, normal stage",Routine sample,7.8,
nwisco.01.00103301,2001-05-30,USGS-09073300,Peak stage,Snowmelt,7.9,
nwisco.01.98403273,1983-12-15,USGS-09085000,Not determined,Routine sample,7.9,
nwisco.01.98403301,1984-06-01,USGS-09085000,"Stable, high stage",Snowmelt,7.9,
nwisco.01.00002246,2000-05-11,USGS-392110107011300,"Stable, high stage",Snowmelt,7.9,
nwisco.01.00002812,2000-06-07,USGS-09081000,Falling stage,Snowmelt,7.9,
nwisco.01.98301710,1983-07-07,USGS-09085000,Not determined,Routine sample,7.9,
nwisco.01.99903648,1999-08-18,USGS-09073300,"Stable, normal stage",Routine sample,7.9,
nwisco.01.98301715,1983-08-12,USGS-09085000,Not determined,Routine sample,7.9,
nwisco.01.00302332,2003-05-27,USGS-09081000,Rising stage,Snowmelt,7.9,
nwisco.01.00002091,2000-04-24,USGS-09085000,"Stable, normal stage",Snowmelt,7.9,
nwisco.01.00002810,2000-06-06,USGS-09085000,Falling stage,Snowmelt,7.9,
nwisco.01.99802216,1998-05-11,USGS-09073300,"Stable, normal stage",Snowmelt,7.9,
nwisco.01.98403285,1984-02-24,USGS-09085000,Not determined,Routine sample,7.9,
nwisco.01.98403275,1983-12-22,USGS-09085000,Not determined,Routine sample,7.9,
nwisco.01.00103300,2001-05-30,USGS-09085000,Peak stage,Snowmelt,8.0,
nwisco.01.98403299,1984-05-23,USGS-09085000,"Stable, high stage",Snowmelt,8.0,
nwisco.01.98301688,1983-02-03,USGS-09085000,Not determined,Routine sample,8.0,
nwisco.01.98403318,1984-09-06,USGS-09085000,"Stable, normal stage",Routine sample,8.0,
nwisco.01.98301692,1983-03-02,USGS-09085000,Not determined,Routine sample,8.0,
nwisco.01.98301693,1983-03-10,USGS-09085000,Not determined,Routine sample,8.0,
nwisco.01.98301716,1983-08-18,USGS-09085000,Not determined,Routine sample,8.0,
nwisco.01.98403321,1984-09-28,USGS-09085000,"Stable, normal stage",Routine sample,8.0,
nwisco.01.00301908,2003-04-23,USGS-09073300,"Stable, normal stage",Snowmelt,8.0,
nwisco.01.98301721,1983-09-19,USGS-09085000,Not determined,Routine sample,8.0,
nwisco.01.98403290,1984-03-29,USGS-09085000,Rising stage,Routine sample,8.0,
nwisco.01.00300090,2002-10-10,USGS-09085000,"Stable, low stage",Routine sample,8.0,
nwisco.01.00204202,2002-07-29,USGS-09073300,"Stable, low stage",Drought,8.0,
nwisco.01.98403283,1984-02-10,USGS-09085000,Not determined,Routine sample,8.0,
nwisco.01.98403268,1983-11-10,USGS-09085000,Not determined,Routine sample,8.0,
nwisco.01.98403276,1983-12-30,USGS-09085000,Not determined,Routine sample,8.0,
nwisco.01.99802218,1998-05-12,USGS-09081000,"Stable, normal stage",Snowmelt,8.0,
nwisco.01.98201890,1981-10-16,USGS-09085000,Not determined,Routine sample,8.1,
nwisco.01.99802217,1998-05-12,USGS-09085000,"Stable, normal stage",Snowmelt,8.1,
nwisco.01.98201917,1982-04-23,USGS-09085000,Not determined,Routine sample,8.1,
nwisco.01.00105740,2001-08-28,USGS-09081000,"Stable, normal stage",Routine sample,8.1,
nwisco.01.98201926,1982-06-18,USGS-09085000,Not determined,Routine sample,8.1,
nwisco.01.00004470,2000-08-21,USGS-09085000,"Stable, normal stage",Routine sample,8.1,
nwisco.01.98403291,1984-04-05,USGS-09085000,Rising stage,Routine sample,8.1,
nwisco.01.99803523,1998-08-19,USGS-09085000,"Stable, normal stage",Routine sample,8.1,
nwisco.01.98301720,1983-09-16,USGS-09085000,Not determined,Routine sample,8.1,
nwisco.01.98403320,1984-09-20,USGS-09085000,"Stable, normal stage",Routine sample,8.1,
nwisco.01.98301700,1983-04-28,USGS-09085000,Not determined,Routine sample,8.1,
nwisco.01.98301699,1983-04-22,USGS-09085000,"Stable, normal stage",Routine sample,8.1,
nwisco.01.98301690,1983-02-17,USGS-09085000,Not determined,Routine sample,8.1,
nwisco.01.99803764,1998-09-03,USGS-391531106525200,"Stable, low stage",Routine sample,8.1,
nwisco.01.98301682,1982-12-22,USGS-09085000,Not determined,Routine sample,8.1,
nwisco.01.98403277,1984-01-04,USGS-09085000,Not determined,Routine sample,8.1,
nwisco.01.00002245,2000-05-10,USGS-09073300,"Stable, high stage",Snowmelt,8.2,
nwisco.01.98201935,1982-08-18,USGS-09085000,Not determined,Routine sample,8.2,
nwisco.01.00001260,1999-12-22,USGS-392110107011300,"Stable, normal stage",Under ice cover,8.2,
nwisco.01.98201938,1982-09-10,USGS-09085000,Not determined,Routine sample,8.2,
nwisco.01.99903651,1999-08-19,USGS-09085000,"Stable, normal stage",Routine sample,8.2,
nwisco.01.99704020,1997-09-10,USGS-09085000,"Stable, normal stage",Routine sample,8.2,
nwisco.01.00003239,2000-06-27,USGS-392110107011300,Falling stage,Snowmelt,8.2,
nwisco.01.98403262,1983-10-07,USGS-09085000,Not determined,Routine sample,8.2,
nwisco.01.00100286,2000-11-08,USGS-09081000,"Stable, low stage",Routine sample,8.2,
nwisco.01.00004472,2000-08-22,USGS-09081000,"Stable, normal stage",Routine sample,8.2,
nwisco.01.00200922,2001-10-12,USGS-09085000,"Stable, low stage",Routine sample,8.2,
nwisco.01.00301910,2003-04-24,USGS-09085000,"Stable, normal stage",Snowmelt,8.2,
nwisco.01.98301717,1983-08-26,USGS-09085000,Not determined,Routine sample,8.2,
nwisco.01.98301689,1983-02-10,USGS-09085000,Not determined,Routine sample,8.2,
nwisco.01.98301687,1983-01-26,USGS-09085000,Not determined,Routine sample,8.2,
nwisco.01.98301686,1983-01-19,USGS-09085000,Not determined,Routine sample,8.2,
nwisco.01.98301683,1982-12-29,USGS-09085000,Not determined,Routine sample,8.2,
nwisco.01.99800374,1997-10-21,USGS-09085000,"Stable, normal stage",Routine sample,8.2,
nwisco.01.98201922,1982-05-28,USGS-09085000,Not determined,Routine sample,8.2,
nwisco.01.98301707,1983-06-17,USGS-09085000,Not determined,Routine sample,8.3,
nwisco.01.98301706,1983-06-10,USGS-09085000,Not determined,Routine sample,8.3,
nwisco.01.00105744,2001-08-30,USGS-09085000,"Stable, normal stage",Routine sample,8.3,
nwisco.01.98301696,1983-04-01,USGS-09085000,"Stable, normal stage",Routine sample,8.3,
nwisco.01.98301695,1983-03-23,USGS-09085000,"Stable, normal stage",Routine sample,8.3,
nwisco.01.98201893,1981-11-05,USGS-09085000,Not determined,Routine sample,8.3,
nwisco.01.00204203,2002-07-29,USGS-09081000,"Stable, low stage",Drought,8.3,
nwisco.01.98301680,1982-12-10,USGS-09085000,Not determined,Routine sample,8.3,
nwisco.01.98301678,1982-11-24,USGS-09085000,Not determined,Routine sample,8.3,
nwisco.01.98403265,1983-10-25,USGS-09085000,Not determined,Routine sample,8.3,
nwisco.01.99903649,1999-08-18,USGS-09081000,"Stable, normal stage",Routine sample,8.3,
nwisco.01.00202582,2002-04-25,USGS-09085000,Rising stage,Snowmelt,8.3,
nwisco.01.98201933,1982-08-05,USGS-09085000,Not determined,Routine sample,8.3,
nwisco.01.00002098,2000-04-24,USGS-09081000,"Stable, normal stage",Snowmelt,8.3,
nwisco.01.00001966,2000-04-12,USGS-392110107011300,"Stable, normal stage",Snowmelt,8.3,
nwisco.01.98201934,1982-08-12,USGS-09085000,Not determined,Routine sample,8.3,
nwisco.01.98201888,1981-10-01,USGS-09085000,Not determined,Routine sample,8.3,
nwisco.01.99803525,1998-08-19,USGS-09081000,"Stable, normal stage",Routine sample,8.3,
nwisco.01.00304229,2003-09-05,USGS-09085000,"Stable, low stage",Routine sample,8.4,
nwisco.01.00102115,2001-04-04,USGS-09085000,Rising stage,Snowmelt,8.4,
nwisco.01.00001579,2000-03-09,USGS-392110107011300,"Stable, normal stage",Routine sample,8.4,
nwisco.01.98201939,1982-09-16,USGS-09085000,Not determined,Routine sample,8.4,
nwisco.01.00100287,2000-11-08,USGS-09085000,"Stable, low stage",Routine sample,8.4,
nwisco.01.99703574,1997-08-20,USGS-09085000,"Stable, normal stage",Routine sample,8.4,
nwisco.01.98301698,1983-04-13,USGS-09085000,"Stable, normal stage",Routine sample,8.4,
nwisco.01.98201892,1981-10-29,USGS-09085000,Not determined,Routine sample,8.4,
nwisco.01.98301673,1982-10-21,USGS-09085000,Not determined,Routine sample,8.4,
nwisco.01.98201891,1981-10-22,USGS-09085000,Not determined,Routine sample,8.4,
nwisco.01.99901532,1999-04-20,USGS-09081000,"Stable, normal stage",Routine sample,8.4,
nwisco.01.00204206,2002-07-30,USGS-09085000,"Stable, low stage",Drought,8.5,
nwisco.01.99801433,1998-03-12,USGS-391531106525200,"Stable, low stage",Routine sample,8.5,
nwisco.01.00202579,2002-04-24,USGS-09081000,Rising stage,Snowmelt,8.5,
nwisco.01.98201940,1982-09-24,USGS-09085000,Not determined,Routine sample,8.5,
nwisco.01.98201905,1982-01-29,USGS-09085000,Not determined,Routine sample,8.5,
nwisco.01.99501565,1995-04-04,USGS-391531106525200,"Stable, normal stage",Routine sample,8.5,
nwisco.01.98301676,1982-11-09,USGS-09085000,Not determined,Routine sample,8.5,
nwisco.01.98403264,1983-10-20,USGS-09085000,Not determined,Routine sample,8.5,
nwisco.01.99900295,1998-10-20,USGS-09085000,"Stable, normal stage",Routine sample,8.6,
nwisco.01.98201907,1982-02-12,USGS-09085000,Not determined,Routine sample,8.6,
nwisco.01.00001292,2000-02-16,USGS-392110107011300,"Stable, low stage",Routine sample,8.6,
nwisco.01.98201900,1981-12-24,USGS-09085000,Not determined,Routine sample,8.6,
nwisco.01.98201901,1981-12-30,USGS-09085000,Not determined,Routine sample,8.6,
nwisco.01.98201914,1982-04-01,USGS-09085000,Not determined,Routine sample,8.7,